temperature_K,pointwise_pressure_GPa,zero_scha_A1,zero_scha_chi_soft,lattice_matched_scha_A1,lattice_matched_scha_chi_soft,zero_post_delta_A1,zero_post_delta_A1_iid_se_diagnostic,zero_post_delta_over_A1,zero_post_A1,zero_post_dyson_stable,zero_post_chi_dyson,zero_post_chi_linearized,zero_effective_vertex_xxxx,zero_effective_vertex_xxyy,lattice_matched_post_delta_A1,lattice_matched_post_delta_A1_iid_se_diagnostic,lattice_matched_post_delta_over_A1,lattice_matched_post_A1,lattice_matched_post_dyson_stable,lattice_matched_post_chi_dyson,lattice_matched_post_chi_linearized,lattice_matched_effective_vertex_xxxx,lattice_matched_effective_vertex_xxyy
400.0,-1.2515598493173115,0.009565182215547308,25.766686188631354,0.007822676415778301,31.506230781573716,-0.023471241649734693,0.0009946819601878755,-2.453820650858526,-0.013906059434187386,False,nan,88.99351286248614,4.488166515827256,1.2347117714553346,-0.038662863867990976,0.001821404861195526,-4.942408686368283,-0.030840187452212675,False,nan,187.22289947114743,5.126387418104315,1.4516367518976483
410.0,-1.3042570250104313,0.010054690531359121,24.51224607225877,0.008229308073594375,29.949425429328425,-0.02408614852333221,0.0009938090241948334,-2.3955136608343146,-0.014031457991973088,False,nan,83.23166639608692,4.56047631313786,1.2593134215928763,-0.04002905150568216,0.0018342509374099693,-4.864206218518488,-0.03179974343208779,False,nan,175.62960684372348,5.224414228637867,1.484916860318894
420.0,-1.3571153438366645,0.010546819515014549,23.368471237629315,0.008638425681795533,28.53101451164614,-0.02471752298275392,0.0009941430281127696,-2.3435996934967767,-0.01417070346773937,False,nan,78.13481326762562,4.633139056311151,1.2840283466914428,-0.041427787087801045,0.0018489019761394109,-4.795756612817222,-0.03278936140600551,False,nan,165.35881602625724,5.322758939504025,1.5182959738029722
430.0,-1.4101329626536705,0.011041440487921937,22.321638988561975,0.009049916382395953,27.23373764695871,-0.025364814708587008,0.0009955320623011776,-2.2972378229392434,-0.014323374220665071,False,nan,73.59975234308182,4.706122728233332,1.3088458350325443,-0.04285831472914689,0.0018651334055009398,-4.735769140642624,-0.03380839834675094,False,nan,156.20643197978302,5.4213846654778255,1.5517618769024395
440.0,-1.4633078248288924,0.01153843665899543,21.360176925956523,0.009463677336089146,26.043052793570375,-0.0260275333350651,0.000997847862316473,-2.2557244195446433,-0.014489096676069669,False,nan,69.54284962363069,4.779397822659478,1.3337560288748223,-0.04431994132842515,0.00188275405804032,-4.683162765853587,-0.034856263992336003,False,nan,148.0069079455784,5.5202574288116395,1.585303332552178
450.0,-1.5166377073786814,0.01203770158339877,20.474261367716824,0.00987961443893045,24.946626207790224,-0.02670523873485926,0.0010009814073609004,-2.2184665859875223,-0.01466753715146049,False,nan,65.89572608477178,4.852937092280497,1.358749837723713,-0.045812026872652865,0.0019016002279620184,-4.637025782315084,-0.035932412433722416,False,nan,140.62477511509067,5.619345892516,1.6189099911264933
460.0,-1.570120259952193,0.012539137861419395,19.655501933941267,0.01029764123818704,23.933932323367323,-0.02739753317305578,0.001004839454110421,-2.184961476287211,-0.014858395311636385,False,nan,62.60201645669171,4.926715329861345,1.3838188630694925,-0.04733397661776903,0.0019215309327882373,-4.596584355865796,-0.037036335379581994,False,nan,133.94827121530827,5.718621123830488,1.6525723099118945
470.0,-1.6237530370829691,0.01304265603467905,18.896691581052643,0.01071767801159849,22.995937013443292,-0.028104054924526112,0.0010093417855304876,-2.1547800424852412,-0.015061398889847063,False,nan,59.61490546890376,5.0007091770081455,1.4089553327012094,-0.048885234744221656,0.0019424241102410902,-4.561177774823882,-0.03816755673262316,False,nan,127.88449383041072,5.8180563838222135,1.6862814815799356
480.0,-1.677533524920394,0.01354817364555972,18.191606849227306,0.011139650982412446,22.124844743718363,-0.02882447304517481,0.0010144190107282498,-2.1275541485712908,-0.015276299399615091,False,nan,56.89523547047877,5.0748969561351664,1.4341520430566819,-0.05046527916803279,0.0019641735456928378,-4.530238806198562,-0.03932562818562035,False,nan,122.35567498282957,5.917626939294479,1.7200293703352445
490.0,-1.731459163390691,0.014055614432196084,17.534846994702107,0.011563491647320671,21.31389514534669,-0.029558483060591723,0.0010200107928927124,-2.10296627039544,-0.015502868628395639,False,nan,54.41003878110549,5.149258522086223,1.4594023083757333,-0.05207361726784043,0.001986686374368884,-4.503277976588169,-0.04051012562051976,False,nan,117.29628974869594,6.017309894063763,1.7538084547170767
500.0,-1.7855273645391596,0.014564907636641804,16.921703496769407,0.011989136198178716,20.557198150983183,-0.030305803389151016,0.0010260644123215128,-2.080741199683883,-0.015740895752509212,False,nan,52.13138913133234,5.223775130507681,1.4846999156474423,-0.0537097823493212,0.00200988103891275,-4.47987089824539,-0.04172064615114249,False,nan,112.65079189703668,6.117084037354532,1.7876117762719121
510.0,-1.8397355277279448,0.015075987407962425,16.348053485035077,0.012416525023171143,19.849599467254095,-0.03106617235697282,0.0010325335936310813,-2.0606393144481623,-0.015990184949010396,False,nan,50.03549521099965,5.298429320583324,1.510039084520841,-0.05537333069206728,0.0020336856092735543,-4.459647976284197,-0.042956805668896134,False,nan,108.37182556144569,6.216929706886576,1.8214328932592219
520.0,-1.8940810521810505,0.015588792285181667,15.810272147853746,0.01284560227425155,19.186570097932233,-0.03183934569360796,0.001039377542714584,-2.0424510835181042,-0.016250553408426294,False,nan,48.101979626953735,5.3732048101880725,1.5354144315035447,-0.057063839074802135,0.002058036393326996,-4.442285994576067,-0.044218236800550585,False,nan,104.41880172792854,6.316828665179935,1.855265838877917
530.0,-1.948561347328627,0.016103264748056866,15.305160310105753,0.013276315491137355,18.564115070149715,-0.03262509441820982,0.001046560151235387,-2.0259925504948675,-0.016521829670152956,False,nan,46.313301082509724,5.4480864017264,1.5608209378466977,-0.05878090268275613,0.0020828767815467765,-4.42750119353487,-0.045504587191618776,False,nan,100.75675670015625,6.416763987344666,1.8891050834159384
540.0,-2.0031738412916504,0.01661935082499865,14.82988421631716,0.01370861527289426,17.97869759846649,-0.03342320304898408,0.0010540493359441929,-2.011101600834447,-0.01680385222398543,False,nan,44.6542881039421,5.523059897418717,1.5862539206856607,-0.06052413333245671,0.002108156281600777,-4.415043542153359,-0.04681551805956245,False,nan,97.35543032690407,6.5167199592456395,1.9229454999387143
550.0,-2.057915987817736,0.017136999750079658,14.38192519574142,0.014142454990440085,17.427175737995093,-0.03423346807705056,0.0010618164869677699,-1.997634858860953,-0.017096468326970905,False,nan,43.11176030428511,5.598112022747687,1.611709006990369,-0.06229315795241474,0.0021338297074961657,-4.404691971409718,-0.048150702961974656,False,nan,94.1885167954883,6.616681984760497,1.9567823330754779
560.0,-2.1127852719062945,0.0176561636619047,13.959037376667435,0.014577790533840096,16.90674920269701,-0.035055696660410085,0.0010698360047847986,-1.9854650948918746,-0.017399532998505385,False,nan,41.67421884633167,5.673230357122213,1.6371821099982533,-0.06408761727749902,0.0021598564954081285,-4.396250387102866,-0.049509826743658926,False,nan,91.23305192970483,6.716636501249843,1.9906111705995975
570.0,-2.167779214337414,0.018176797338368026,13.559211994119824,0.015014580089525954,16.414914504136924,-0.035889705501673266,0.0010780849097607038,-1.974479047852748,-0.01771290816330524,False,nan,40.331591981903095,5.748403270930041,1.6626694078421815,-0.06590716471964808,0.002186200123738802,-4.3895443180342,-0.050892584630122126,False,nan,88.46890919678833,6.8165709023596115,2.0244279175004705
580.0,-2.222895375270769,0.01869885796233368,13.180647127303256,0.015452783943284046,15.949426937545494,-0.036735319879586795,0.0010865425113450178,-1.9645755881768354,-0.018036461917253114,False,nan,39.07502470997636,5.823619868249095,1.6881673241206885,-0.06775146538545074,0.0022128276193710676,-4.384418085059442,-0.05229868144216669,False,nan,85.8783828488542,6.916473467410727,2.0582287722911903
590.0,-2.2781313570644723,0.019222304914198927,12.821721931121298,0.015892364305453172,15.508268231714007,-0.03759237280887107,0.001095190126540297,-1.9556641608105352,-0.018370067894672146,False,nan,37.89670399169366,5.898869934546708,1.7136725101786112,-0.06962019521738803,0.002239709135559858,-4.380732399489429,-0.053727830911934865,False,nan,83.4458413343562,7.016333296742202,2.092010205334483
600.0,-2.333484806441768,0.019747099587422913,12.480974605610404,0.016333285155537145,15.089618906306283,-0.038460704310564364,0.0011040108393600627,-1.9476634601600074,-0.01871360472314145,False,nan,36.789712792142744,5.974143888927662,1.7391818289455951,-0.07151304023677313,0.002266817589517188,-4.378362316935947,-0.05517975508123599,False,nan,81.15743770260192,7.116140252359919,2.1257689389653667
610.0,-2.3889534160960246,0.020273205224363555,12.157083488154862,0.016775512103390976,14.69183456016615,-0.03934016077390351,0.0011129892944057643,-1.940500297734175,-0.019066955549539955,False,nan,35.7479076164986,6.0494327403547725,1.7646923401339967,-0.07342969587674375,0.0022941283501815655,-4.377195487337808,-0.056654183773352775,False,nan,79.00086649763907,7.215884903505298,2.1595019292780453
620.0,-2.44453492583528,0.0208005867696082,11.848850766325157,0.01721901226516884,14.313425456095311,-0.040230594397469496,0.0011221115190784385,-1.9341086308320177,-0.019430007627861297,False,nan,34.765815298915214,6.124728047497918,1.7902012866770045,-0.07536986638745348,0.0023216189680601482,-4.377130652256635,-0.05815085412228464,False,nan,76.9651587587605,7.315558476554976,2.193206349376328
630.0,-2.50022712333503,0.021329210738665373,11.555188398898391,0.017663754151997592,13.953038882009835,-0.04113186269763901,0.0011313647698705874,-1.928428726294855,-0.019802651958973634,False,nan,33.838545645083094,6.200021881829599,1.8157060822753057,-0.07733326430525297,0.002349268940711993,-4.378076350010078,-0.05966951015325538,False,nan,75.04050842210815,7.415152808924436,2.226879573975695
640.0,-2.556027844559043,0.02185904510011098,11.275105904961684,0.01810970756982439,13.60944385958823,-0.04204382807482392,0.001140737399005244,-1.9234064380337668,-0.020184782974712944,False,nan,32.96171719207752,6.27530679365357,1.8412042999442937,-0.0793196099764911,0.002377059508453878,-4.379949796023142,-0.061209902406666704,False,nan,73.2181247163801,7.514660306604041,2.2605191652304044
650.0,-2.6119349739090096,0.022390059169556043,11.007699739364824,0.01855684352915777,13.281517845307347,-0.04296635742945532,0.001150218738333617,-1.918992580773393,-0.02057629825989928,False,nan,32.13139387058713,6.350575780787436,1.8666936614656566,-0.0813286311273056,0.002404973475761915,-4.382675911424081,-0.06277178759814783,False,nan,71.49010617308492,7.614073904973743,2.2941228596652987
660.0,-2.6679464441432357,0.022922223514027923,10.752144020158203,0.019005134163444525,12.968235128755104,-0.04389932182092525,0.001159798997926303,-1.9151423854697072,-0.020977098306897327,False,nan,31.344030767837832,6.425822259651495,1.8921720276581824,-0.08336006247435317,0.0024329950546719843,-4.386186477688344,-0.06435492831090864,False,nan,69.84933268998371,7.713387032640846,2.3276885561252456
670.0,-2.724060236103839,0.023455509865548403,10.507682412271562,0.019454552655128826,12.668656681761824,-0.04484259616373719,0.0011694691772192172,-1.9118150243070293,-0.021387086298188786,False,nan,30.59642751869906,6.501040038543641,1.9176373893920258,-0.08541364537035405,0.002461109727017918,-4.390419398712638,-0.06595909271522522,False,nan,68.28937273299941,7.812593578016671,2.36121430464579
680.0,-2.7802743782872925,0.02398989104284987,10.273621003316011,0.0199050731684957,12.381921251873056,-0.04579605895600601,0.0011792209869246116,-1.9089731951765334,-0.021806167913156142,False,nan,29.885688116048918,6.576223292904793,1.9430878592793737,-0.08748912748029294,0.0024893041228878526,-4.395318054834602,-0.06758405431179725,False,nan,66.80440328377095,7.911687858405465,2.3946982961680225
690.0,-2.8365869462846303,0.024525340880259327,10.049322033418319,0.0203566707885425,12.107237526472343,-0.046759592036502345,0.001189046780213351,-1.9065827571897103,-0.02223425115624302,False,nan,29.20918614378032,6.651366542413559,1.96852166398605,-0.08958626248440649,0.002517565913078081,-4.400830735781659,-0.06922959169586398,False,nan,65.38914055838093,8.010664591390462,2.428138853024775
700.0,-2.892996062116399,0.025061834163197325,9.834198362345319,0.02080932146521288,11.84387722094156,-0.047733080365021954,0.0011989394918509363,-1.9046124100173316,-0.02267124620182463,False,nan,28.56453460584033,6.72646462968542,1.9939371370873618,-0.09170480980478263,0.002545883713669633,-4.4069101415962235,-0.07089548833956974,False,nan,64.03877986172941,8.109518868326191,2.4615344201334697
710.0,-2.9494998934812533,0.02559934656907654,9.627708575296493,0.021263001962416435,11.59116896667378,-0.04871641182652169,0.0012088925843170603,-1.9030334112266,-0.02311706525744515,False,nan,27.949559667638567,6.801512700577005,2.019332712467817,-0.09384453435277776,0.0025742470011335017,-4.413512942276604,-0.07258153239036133,False,nan,62.74894321720345,8.20824612976142,2.4948835568362036
720.0,-3.0060966529381856,0.026137854613575182,9.429352643084941,0.021717689811322476,11.348492893410423,-0.04970947705243606,0.0012188999998800102,-1.9018193263122105,-0.023571622438860875,False,nan,27.362277734317008,6.876506185806804,2.0447069181665425,-0.09600520629497883,0.002602646036610802,-4.420599388288836,-0.07428751648365635,False,nan,61.515633636020745,8.306842142636908,2.5281849293343672
730.0,-3.0627845970330934,0.026677335601361322,9.238668065206191,0.022173363267488616,11.115275815936235,-0.050712169259531654,0.0012289561179271804,-1.9009458072321082,-0.024034833658170333,False,nan,26.80087538816907,6.95144078388431,2.07005837066533,-0.09818660083560374,0.002631071798206509,-4.428132965266864,-0.07601323756811512,False,nan,60.33519507451702,8.405302979112209,2.5614373036686073
740.0,-3.119562025387169,0.0272177675809321,9.055226434432088,0.02263000127142498,10.890986948210879,-0.05172438410342589,0.0012390557168611034,-1.9003903957083659,-0.02450661652249379,False,nan,26.263691781391337,7.0263124452064325,2.0953857695712097,-0.1003884980137182,0.0026595159203078025,-4.436080087210568,-0.07775849674229322,False,nan,59.20427727923935,8.503624996894105,2.5946395392010553
750.0,-3.1764272797526782,0.02775912930312999,8.878630370344325,0.023087583412256894,10.675134078963028,-0.05274601954522054,0.0012491939399967814,-1.900132348145125,-0.02498689024209055,False,nan,25.74920314425931,7.101117357233113,2.1206878926634865,-0.1026106825136485,0.0026879706390701467,-4.444409823298087,-0.0795230991013916,False,nan,58.119804844530485,8.601804820944936,2.6277905825588608
760.0,-3.2333787430502996,0.02830140018296813,8.708510776558938,0.023546089894173606,10.467260152016639,-0.0537769757297869,0.0012593662649718579,-1.9001524794575375,-0.02547557554681877,False,nan,25.256009121020092,7.17585193065751,2.1459635912763986,-0.10485294348740534,0.002716428743339483,-4.453093654133666,-0.08130685359323174,False,nan,57.07894991112813,8.699839326465748,2.660889462003529
770.0,-3.2904148383904914,0.028844560264438306,8.544524382607518,0.024005501505399526,10.266940202421868,-0.05481715487442321,0.0012695684762484825,-1.900433023484356,-0.0259725946099849,False,nan,24.782820689282126,7.250512786493406,2.1712117859910514,-0.10711507438788107,0.0027448835303718003,-4.462105253822246,-0.08310957288248154,False,nan,56.07910802032732,8.797725623052823,2.6939352821920135
780.0,-3.3475340280907995,0.029388590187992163,8.386351536719411,0.024465799589442946,10.073778606092828,-0.05586646116691514,0.0012797966403467061,-1.9009575079835415,-0.026477870978922978,False,nan,24.328449455035486,7.325096744015191,2.196431462614609,-0.10939687281192201,0.002773328765802068,-4.471420294766374,-0.08493107322247906,False,nan,55.11787671035962,8.895461039939915,2.726927219299963
790.0,-3.4047348126886763,0.02993347116059836,8.23369422018473,0.024926966018415184,9.887406606283598,-0.056924800670892436,0.001290047083464169,-1.9017106424270285,-0.026991329510294076,False,nan,23.891798145199946,7.399600809443831,2.2216216684106014,-0.11169814035231493,0.0028017586473810864,-4.481016272489648,-0.08677117433389975,False,nan,54.193036501762045,8.993043112241432,2.759864516478693
800.0,-3.4620157299602803,0.030479184927617926,8.086274258002186,0.025388983168224823,9.707480085044995,-0.05799208124138262,0.0013003163713067604,-1.9026782172522794,-0.027512896313764697,False,nan,23.47185214743078,7.474022165462111,2.246781508608393,-0.11401868245800939,0.0028301677720658177,-4.490872348157198,-0.08862969928978456,False,nan,53.302533969260246,9.090469568123135,2.7927464796212114
