temperature_K,lattice_target_angstrom,pointwise_pressure_GPa,zero_pressure_GPa,zero_pressure_mass_shift_Ha_per_bohr2,zero_A1_Ha_per_bohr2,zero_chi_soft,zero_epsilon_r,zero_lattice_parameter_angstrom,zero_isotropic_strain,zero_mean_u_component_variance_bohr2,zero_delta_A1_quartic_local,zero_delta_A1_quartic_homogeneous,zero_delta_A1_quartic_inhomogeneous,zero_delta_A1_sextic,zero_delta_A1_octic,zero_root_residual,lattice_matched_pressure_GPa,lattice_matched_pressure_mass_shift_Ha_per_bohr2,lattice_matched_A1_Ha_per_bohr2,lattice_matched_chi_soft,lattice_matched_epsilon_r,lattice_matched_lattice_parameter_angstrom,lattice_matched_isotropic_strain,lattice_matched_mean_u_component_variance_bohr2,lattice_matched_delta_A1_quartic_local,lattice_matched_delta_A1_quartic_homogeneous,lattice_matched_delta_A1_quartic_inhomogeneous,lattice_matched_delta_A1_sextic,lattice_matched_delta_A1_octic,lattice_matched_root_residual,affine_pressure_pressure_GPa,affine_pressure_pressure_mass_shift_Ha_per_bohr2,affine_pressure_A1_Ha_per_bohr2,affine_pressure_chi_soft,affine_pressure_epsilon_r,affine_pressure_lattice_parameter_angstrom,affine_pressure_isotropic_strain,affine_pressure_mean_u_component_variance_bohr2,affine_pressure_delta_A1_quartic_local,affine_pressure_delta_A1_quartic_homogeneous,affine_pressure_delta_A1_quartic_inhomogeneous,affine_pressure_delta_A1_sextic,affine_pressure_delta_A1_octic,affine_pressure_root_residual,lattice_matched_error_angstrom,affine_lattice_error_angstrom
400.0,4.0092513223824975,-1.2515598493173115,0.0,0.0,0.009565182215547308,25.766686188631354,330.6407281502314,3.9991684344473906,0.003052027701878594,0.016795159113311,0.08752817140906548,-0.010904739176005719,-0.005197811642266382,-0.067865057696715,0.046447692517742924,3.469446951953614e-17,-1.2515598493173115,-0.0066124684507487316,0.007822676415778301,31.506230781573716,402.76597266278634,4.009251322382497,0.0055809687440423455,0.017794850761008216,0.0927380763171115,-0.011553817675412706,-0.005366765834602152,-0.07618450982536529,0.05524523508106965,5.377642775528102e-17,-1.2352778210766948,-0.0065264442800995965,0.007843002081018196,31.424580274124917,401.73992212533426,4.009120316737439,0.005548110543626451,0.017782075275066988,0.09267149672023164,-0.01154552282443238,-0.005364629364494155,-0.07607515855651055,0.05512633358259735,-9.454242944073599e-17,-8.881784197001252e-16,-0.00013100564505830192
410.0,4.009749997239285,-1.3042570250104313,0.0,0.0,0.010054690531359121,24.51224607225877,314.87696873437363,3.9992546963114877,0.0030736634841954805,0.016914219764801616,0.08814865740990882,-0.010982042721740009,-0.00528070660421491,-0.06883065708615276,0.04744251272983194,6.245004513516506e-17,-1.3042570250104313,-0.0068908877464015856,0.008229308073594375,29.949425429328425,383.20257963205404,4.009749997239285,0.005706043952667348,0.01793926289176028,0.09349068185354834,-0.01164758139679683,-0.005454959872570017,-0.07742606112168889,0.056601189553793896,-1.651023068260926e-14,-1.2905943431883744,-0.006818702582783361,0.008246422724827089,29.887268299146392,382.42149009786164,4.009640197059276,0.005678504404132415,0.017928722253905068,0.09343574919404046,-0.011640737585089874,-0.005453188342664719,-0.0773351008285659,0.056501476066178426,-1.39194211712379e-14,0.0,-0.00010980018000950054
420.0,4.010248672096073,-1.3571153438366645,0.0,0.0,0.010546819515014549,23.368471237629315,300.50387026304253,3.999340201169391,0.0030951093978907373,0.017032235578557323,0.0887636982264738,-0.011058667876581803,-0.00536314514672213,-0.06979451410696462,0.048442521615082695,6.29704621779581e-16,-1.3571153438366645,-0.007170158422740987,0.008638425681795533,28.53101451164614,365.37830235700517,4.010248672096073,0.0058311191612922305,0.018082011915998234,0.09423462009061294,-0.011740265298535543,-0.005542677652504386,-0.07866317649664743,0.057963156657884936,3.5561831257524545e-17,-1.3459108653000535,-0.007110960885467124,0.008652503876322758,28.484592669125714,364.79494827929204,4.010158730160616,0.0058085603613282554,0.018073509767360527,0.09419031104189923,-0.011734745034469914,-0.005541241292544084,-0.07858921915318952,0.0578814323963682,-1.1275702593849246e-17,0.0,-8.994193545674989e-05
430.0,4.0107473469528605,-1.4101329626536705,0.0,0.0,0.011041440487921937,22.321638988561975,287.34898825019917,3.9994249422107626,0.0031163637348288493,0.01714919715479197,0.08937324487166319,-0.011134608537450113,-0.005445114672460342,-0.07075637319413021,0.04944736521656982,3.613429000459689e-15,-1.4101329626536705,-0.007450270741742354,0.009049916382395953,27.23373764695871,349.076240485909,4.01074734695286,0.005956194369917215,0.018223116856203325,0.09496999016419257,-0.011831881731520858,-0.00562990682647311,-0.07989568004424838,0.059330738758458984,3.133777959352102e-15,-1.4012273874117327,-0.007403219188150886,0.009061136234203031,27.200015772278324,348.6524789108643,4.010675937952016,0.005938283910713684,0.018216468056899405,0.09493533986756772,-0.01182756480771242,-0.005628777533721978,-0.07983738996811897,0.05926582106061067,2.9160701631170127e-15,-8.881784197001252e-16,-7.140900084490198e-05
440.0,4.011246021809649,-1.4633078248288924,0.0,0.0,0.01153843665899543,21.360176925956523,275.26689963985285,3.9995089155712873,0.0031374255257806045,0.01726509915988461,0.08997726954924802,-0.011209861241338446,-0.005526605417038074,-0.07171601204162996,0.05045671900600703,2.0882601203808804e-14,-1.4633078248288924,-0.007731213837430796,0.009463677336089146,26.043052793570375,334.1136533333273,4.011246021809649,0.006081269578542368,0.01836259893821991,0.09569690269302748,-0.01192244447724154,-0.0057166379144221605,-0.08112342442526004,0.06070356849359831,9.191692545984509e-14,-1.4565439095234123,-0.00769547749083465,0.009472219275407263,26.019567465565057,333.8185279976127,4.011191843486171,0.006067680834253965,0.018357628940393635,0.09567100149026385,-0.011919217563484115,-0.005715789103090619,-0.08107951684094954,0.06065429197968756,8.880396418220471e-14,0.0,-5.4178323478204504e-05
450.0,4.011744696666437,-1.5166377073786814,0.0,0.0,0.01203770158339877,20.474261367716824,264.13415640198593,3.999592119856226,0.0031582944209245347,0.017379939668784834,0.09057576222680509,-0.01128442473835254,-0.005607609995005835,-0.07267323727433857,0.051470284560553574,1.107273994715996e-14,-1.5166377073786814,-0.008012975964935103,0.00987961443893045,24.946626207790224,320.33555050497745,4.011744696666437,0.006206344787167446,0.018500481104746783,0.09641547724326513,-0.012011968431903363,-0.005802863840811244,-0.08234628711756364,0.06208130574715268,2.0816681711721685e-17,-1.5118604316350914,-0.007987735793518413,0.009885660183029527,24.93136967303228,320.14383123491825,4.01170647062465,0.006196757116791701,0.018497025352139238,0.09639746754746291,-0.012009724685322107,-0.005802270312669003,-0.08231552663980261,0.062046523263152714,6.938893903907228e-17,0.0,-3.822604178704836e-05
460.0,4.012243371523224,-1.570120259952193,0.0,0.0,0.012539137861419395,19.655501933941267,253.84532191315944,3.9996745557409428,0.0031789705896519134,0.017493719613644522,0.09116872776225511,-0.011358299633718785,-0.005688123023126023,-0.07362788076709258,0.052487786719371966,3.7279207498741584e-15,-1.570120259952193,-0.008295544706454548,0.01029764123818704,23.933932323367323,307.6096638344243,4.012243371523225,0.006331419995792393,0.01863678761299972,0.09712584023167399,-0.012100469345199996,-0.005888579550359322,-0.08356416720647619,0.06346363501128403,-6.895525817007808e-15,-1.5671769537467706,-0.008279994096202175,0.010301372938654116,23.925262191049818,307.50071173844697,4.012219843766411,0.0063255188779560425,0.018634690968156006,0.09711491354214241,-0.012099108038348946,-0.005888217382434276,-0.08354536627053649,0.0634422183803076,1.9081958235744878e-17,8.881784197001252e-16,-2.3527756813024325e-05
470.0,4.012742046380012,-1.6237530370829691,0.0,0.0,0.01304265603467905,18.896691581052643,244.3098297927483,3.99975622563481,0.003199454636270323,0.017606442319938735,0.09175618348635087,-0.01143148808659731,-0.00576814080628969,-0.0745797964994413,0.05350897113692965,8.586881206085195e-16,-1.6237530370829691,-0.008578907141656301,0.01071767801159849,22.995937013443292,295.8224671353882,4.012742046380012,0.006456495204417246,0.018771543701852692,0.09782812319094591,-0.012187963604194883,-0.005973781687975036,-0.08477698262901767,0.06485026307971924,5.126107871511465e-14,-1.6224934758584502,-0.00857225239888594,0.010719277549323539,22.992505544428095,295.77934602399154,4.012731987627022,0.006453972316785159,0.018770659901447672,0.09782351725462696,-0.012187389771411558,-0.005973628134196114,-0.08476899988993715,0.06484110368538672,1.4656678648528043e-14,0.0,-1.0058752989650088e-05
480.0,4.013240721236801,-1.677533524920394,0.0,0.0,0.01354817364555972,18.191606849227306,235.44947373810507,3.9998371333975333,0.003219747528852033,0.017718113114921812,0.09233815716214169,-0.011503993555860922,-0.005847661074538607,-0.0755288578557286,0.05453360216582014,4.85722573273506e-17,-1.677533524920394,-0.008863049988907936,0.011139650982412446,22.124844743718363,284.87599883472143,4.013240721236801,0.006581570413042449,0.018904775315952835,0.09852246133191778,-0.012274468054194932,-0.0060584683309901025,-0.08598466779645532,0.06624091701736705,-5.006585424016663e-14,-1.6778099979701293,-0.008864510701569704,0.011139299386512435,22.125543082494467,284.8847744185963,4.013242927059087,0.006582123666688542,0.018904966454161686,0.0985234574509658,-0.01227459215616384,-0.006058501735330489,-0.08598640651465746,0.06624292623959249,-5.033820582589499e-14,0.0,2.2058222866050414e-06
490.0,4.013739396093588,-1.731459163390691,0.0,0.0,0.014055614432196084,17.534846994702107,227.1963860015088,3.9999172840990393,0.003239850539011519,0.017828738996225984,0.09291468525787118,-0.011575820584923223,-0.005926682762036029,-0.07647495529792804,0.05556146101548635,-1.2663481374630692e-16,-1.731459163390691,-0.009147959722362414,0.011563491647320671,21.31389514534669,274.6853056320173,4.013739396093588,0.006706645621667241,0.01903650887699504,0.09920899235156681,-0.012359999850244018,-0.006142638764304548,-0.08718717153610704,0.06763534236504584,6.591949208711867e-17,-1.7331265200818085,-0.009156769004253466,0.011561368618002605,21.317809043931785,274.7344891321846,4.013752686906624,0.006709979158922549,0.019037644916596905,0.09921491283545915,-0.012360737456566673,-0.0061428384835310115,-0.08719757796469335,0.06764745188786207,-8.326672684688674e-17,0.0,1.3290813035915505e-05
500.0,4.014238070950376,-1.7855273645391596,0.0,0.0,0.014564907636641804,16.921703496769407,219.49139756670195,3.999996683815746,0.0032597651908066244,0.017938328350667002,0.09348581148152928,-0.011646974619165093,-0.006005205820650341,-0.0774179943519989,0.056592344143201,-1.1102230246251565e-16,-1.7855273645391596,-0.009433622668867131,0.011989136198178716,20.557198150983183,265.17637075807374,4.014238070950377,0.006831720830292496,0.01916677109443326,0.09988785544652976,-0.01244457633422184,-0.006226293290972003,-0.0883844553064012,0.06903330154838268,2.4789198471708573e-15,-1.788443042193488,-0.00944902730693723,0.011985419717155553,20.563572599156092,265.25647443627656,4.0142612918874665,0.006837544993093971,0.01916872940488615,0.09989806120473883,-0.012445847823498625,-0.006226639625473767,-0.08840251709093866,0.06905446355553664,2.39044894989604e-15,8.881784197001252e-16,2.3220937090506766e-05
510.0,4.014736745807164,-1.8397355277279448,0.0,0.0,0.015075987407962425,16.348053485035077,212.28269891631686,4.000075339457319,0.003279493217285705,0.018046890715125174,0.09405158553468111,-0.01171746185067983,-0.006083231062237707,-0.07835789385918918,0.05762606184161436,4.769622197198231e-14,-1.8397355277279448,-0.009720025088259544,0.012416525023171143,19.849599467254095,256.28442345210135,4.0147367458071646,0.006956796038917322,0.019295588808610507,0.10055919049557337,-0.012528214932991581,-0.006309433072082744,-0.08957649164079773,0.07043457245795459,4.8813383890511375e-14,-1.8437595643051672,-0.009741285609620993,0.01241139103765904,19.857810275839267,256.3876035158262,4.01476876649857,0.006964827313410843,0.01929825373030563,0.10057307876667271,-0.012529945209901357,-0.0063099072035838494,-0.08960123624152296,0.07046375973183952,4.998952640722365e-14,8.881784197001252e-16,3.202069140595398e-05
520.0,4.015235420663952,-1.8940810521810505,0.0,0.0,0.015588792285181667,15.810272147853746,205.5247393238106,4.000153258619095,0.0032990365234750896,0.01815443657286717,0.09461206205099561,-0.011787289086029258,-0.006160760024837532,-0.07929458445269978,0.0586624369940266,5.551115123125783e-17,-1.8940810521810505,-0.01000715323964725,0.01284560227425155,19.186570097932233,247.95255066899801,4.015235420663953,0.007081871247542614,0.019422988861305307,0.1012231373849456,-0.012610933074348463,-0.006392059991094342,-0.09076326279065768,0.07183894718132773,-1.5612511283791264e-17,-1.8990760864168463,-0.010033543912304753,0.012839224442968184,19.196100946741257,248.07231884740165,4.0152751349404605,0.007091832189731856,0.01942625129499072,0.10124013959688662,-0.012613051303070107,-0.0063926439262721145,-0.0907937559342637,0.0718751531182662,6.938893903907228e-17,8.881784197001252e-16,3.971427650828474e-05
530.0,4.01573409552074,-1.948561347328627,0.0,0.0,0.016103264748056866,15.305160310105753,199.17731676896926,4.0002304494561125,0.0033183971547809266,0.018260977179662952,0.09516729969005179,-0.01185646363334514,-0.006237794858843697,-0.0802280072254747,0.05970130397195688,-1.424554918472154e-14,-1.948561347328627,-0.010294993436060816,0.013276315491137355,18.564115070149715,240.13055009911164,4.01573409552074,0.0072069464561674386,0.019548997988951794,0.10187983545189082,-0.012692748117689844,-0.0064741765385512694,-0.09194475953641791,0.07324623086424036,4.85722573273506e-17,-1.954392608528526,-0.01032580221498852,0.013268864982544433,18.574538877991007,240.2615395316582,4.015780421057329,0.0072185656025402145,0.019552755009247875,0.10189941520783384,-0.012695187470966065,-0.006474853057765081,-0.09198010370310002,0.07328846941780424,5.377642775528102e-17,0.0,4.6325536589009175e-05
540.0,4.016232770377528,-2.0031738412916504,0.0,0.0,0.01661935082499865,14.82988421631716,193.20482123027688,4.000306920575535,0.0033375772700112,0.01836652441532723,0.09571736036364517,-0.011924993205938178,-0.006314338229982658,-0.081158112563334,0.06074250765688233,1.3877787807814457e-17,-2.0031738412916504,-0.010583532089281578,0.01370861527289426,17.97869759846649,232.77397718581912,4.016232770377527,0.007332021664792301,0.019673642735090004,0.10252942302838348,-0.012773677297171054,-0.006555785713946347,-0.09312098014583618,0.07465624068701994,2.7755575615628914e-17,-2.0097091306402053,-0.010618060517672284,0.01370026060744828,17.98966133177737,232.91175152192065,4.016284648290231,0.007345033431209151,0.019677797226980345,0.10255107421226585,-0.012776374720289667,-0.006556538324425905,-0.09316031309600098,0.07470354624984515,1.3877787807814457e-16,-8.881784197001252e-16,5.187791270344633e-05
550.0,4.016731445234316,-2.057915987817736,0.0,0.0,0.017136999750079658,14.38192519574142,187.57560215767677,4.0003826809446315,0.0033565791182922087,0.018471090656691978,0.09626230857378279,-0.011992885839821842,-0.006390393236419973,-0.08208485911881631,0.061785902567628816,2.0816681711721685e-16,-2.057915987817736,-0.01087275574648619,0.014142454990440085,17.427175737995093,225.84334908521467,4.016731445234317,0.00745709687341776,0.019796949378775935,0.10317203706803643,-0.012853737675223563,-0.006636890941982477,-0.09429192945758404,0.07606880493995387,7.112366251504909e-17,-2.065025652751884,-0.010910318820356042,0.014133361919928419,17.43838797035018,225.98424615240302,4.016787839641049,0.007471241444958216,0.01980140969592104,0.10319528206387016,-0.012856633664167848,-0.006637703834930414,-0.09433442280134802,0.07612023217313445,1.5612511283791264e-16,8.881784197001252e-16,5.639440673288476e-05
560.0,4.017230120091104,-2.1127852719062945,0.0,0.0,0.0176561636619047,13.959037376667435,182.26143709489503,4.000457739811998,0.003375405019312168,0.01857468866888795,0.0968022108460953,-0.012060149823123692,-0.006465963337820337,-0.08300821290691042,0.06283135207993394,3.9343528435153985e-15,-2.1127852719062945,-0.011162651119966468,0.014577790533840096,16.90674920269701,219.3034763651121,4.017230120091103,0.007582172082042478,0.019918943876515435,0.10380781284348847,-0.012932946104853904,-0.006717496001013434,-0.09545761807451103,0.07748376218696955,9.332812300755222e-16,-2.1203421748635636,-0.011202577123039808,0.014568121951936614,16.91796988645619,219.44447963577647,4.017290017645388,0.00759719529605912,0.019923623520244602,0.10383220086242279,-0.012935984497878876,-0.00671835401216977,-0.09550247588625788,0.0775383858051331,1.0755285551056204e-15,-8.881784197001252e-16,5.9897554284482624e-05
570.0,4.0177287949478915,-2.167779214337414,0.0,0.0,0.018176797338368026,13.559211994119824,177.2370831567738,4.000532106640132,0.003394057346408797,0.018677331512276487,0.0973371352448112,-0.01212679363565825,-0.006541052294543428,-0.08392814650647139,0.06387872772646755,3.637021239732974e-14,-2.167779214337414,-0.011453205111057208,0.015014580089525954,16.414914504136924,213.1228992620044,4.0177287949478915,0.007707247290667434,0.020039651815546216,0.10443688370293318,-0.013011319199310666,-0.00679760496179654,-0.09661806165194343,0.07890096050696713,7.528699885739343e-15,-2.175658696975243,-0.011494835425723575,0.015004495968613519,16.425946529669353,213.261531783472,4.017791204352895,0.0077229005148973994,0.020044469133392067,0.10446198921216347,-0.013014446981207968,-0.006798493535079404,-0.09666451913137458,0.07895787502610187,7.745540320236444e-15,0.0,6.24094050039048e-05
580.0,4.018227469804679,-2.222895375270769,0.0,0.0,0.01869885796233368,13.180647127303256,172.4798967387813,4.0006057910476995,0.003412538512089156,0.018779032462765907,0.09786715095748448,-0.012192825897190089,-0.006615664115456522,-0.08484463835334839,0.0649279085671182,2.42861286636753e-17,-2.222895375270769,-0.011744404829150594,0.015452783943284046,15.949426937545494,207.2734099838403,4.018227469804679,0.007832322499292535,0.02015909837667602,0.10505938087644953,-0.013088873307956118,-0.006877222134983956,-0.09777328026882574,0.08032025680399825,2.6699129018759038e-14,-2.230975219086922,-0.011787093728407331,0.0154424412933377,15.960109143585743,207.40764654392103,4.018291421313695,0.007848362506569936,0.020163976279347125,0.10508480212421696,-0.013092040426290365,-0.006878127288901416,-0.09782060244934597,0.08037857625829099,4.886022142436275e-14,0.0,6.395150901550295e-05
590.0,4.018726144661468,-2.2781313570644723,0.0,0.0,0.019222304914198927,12.821721931121298,167.96950970072723,4.000678802760072,0.0034308509556237716,0.018879804943542567,0.0983923279392105,-0.012258255323108277,-0.006689803013079323,-0.08575767211283215,0.06597878062028223,-2.0816681711721685e-17,-2.2781313570644723,-0.012036237606589263,0.015892364305453172,15.508268231714007,201.7296461866108,4.018726144661469,0.00795739770791768,0.02027730830519601,0.10567543332441653,-0.013165624497380877,-0.006956352026196616,-0.09892329787150443,0.08174151617898194,-1.0061396160665481e-16,-2.2862917411986015,-0.0120793520310911,0.015881917151418498,15.518469598808615,201.85784034629475,4.018790689569887,0.007973586548755207,0.02028217400091617,0.105700790955514,-0.013168783690001813,-0.006957260322629841,-0.09897077837624658,0.08180037381214789,-2.42861286636753e-17,8.881784197001252e-16,6.454490841889537e-05
600.0,4.019224819518255,-2.333484806441768,0.0,0.0,0.019747099587422913,12.480974605610404,163.68755252250565,4.000751151567064,0.0034489971324462745,0.018979662466737594,0.0989127366086212,-0.012323090686551822,-0.006763473365017163,-0.08666723612255584,0.06703123634920062,-5.551115123125783e-17,-2.333484806441768,-0.012328691010113784,0.016333285155537145,15.089618906306283,196.46874360608587,4.019224819518255,0.008082472916542582,0.020394305888518087,0.10628516762097019,-0.013241588536884327,-0.007034999297158104,-0.10006814178037358,0.08316461135537077,1.3877787807814457e-17,-2.341608263310281,-0.012371610333774864,0.016322884530191442,15.09923371872278,196.58956690229914,4.019289029651189,0.008098577790616651,0.020399090633693686,0.1063101033773422,-0.013244695170040437,-0.007035897812569155,-0.10011510162567226,0.08322315929117995,3.8163916471489756e-17,0.0,6.421013293333999e-05
610.0,4.019723494375043,-2.3889534160960246,0.0,0.0,0.020273205224363555,12.157083488154862,159.61741670186038,4.000822847286765,0.0034669795050826465,0.019078618583510985,0.09942844758774803,-0.012387340786000355,-0.0068366796807549516,-0.08757332289589416,0.0680851741955391,-8.673617379884035e-17,-2.3889534160960246,-0.012621752849342442,0.016775512103390976,14.69183456016615,191.47003808789844,4.019723494375043,0.008207548125167661,0.020510114939615128,0.1068887078677017,-0.013316780887722673,-0.007113168732687529,-0.1012078422530953,0.08458942215481129,-2.949029909160572e-17,-2.3969247854219597,-0.012663868636458622,0.016765306053094953,14.700778363636664,191.5824292370109,4.019786461574048,0.00822334125258294,0.02051475380485303,0.10691288336904392,-0.013319792804141608,-0.00711404503114937,-0.10125362869904132,0.08464683105111608,-9.8879238130678e-17,0.0,6.296719900511505e-05
620.0,4.020222169231831,-2.44453492583528,0.0,0.0,0.0208005867696082,11.848850766325157,155.7440500838756,4.000893899734694,0.003484800535413658,0.019176686841472158,0.09993953148011861,-0.012451014417628194,-0.006909426573065782,-0.08847592867922299,0.0691404981556806,-2.0816681711721685e-17,-2.44453492583528,-0.012915411182818288,0.01721901226516884,14.313425456095311,186.71480904229665,4.020222169231831,0.008332623333792383,0.020624758785199426,0.10748617563204958,-0.013391216695433495,-0.007190865212054881,-0.10234243209615553,0.0860158350158667,-1.1218456719142011e-14,-2.4522413075336393,-0.012956126939142387,0.017209145866337382,14.321631671865171,186.81793139100213,4.0202830048435185,0.00834788182681687,0.02062919043572669,0.1075092712314636,-0.013394094071753241,-0.007191707320212787,-0.10238641754342136,0.08607129370568924,-1.165387231161219e-14,0.0,6.0835611687792834e-05
630.0,4.020720844088619,-2.50022712333503,0.0,0.0,0.021329210738665373,11.555188398898391,152.05377993930077,4.000964318697518,0.003502462678083183,0.019273880748406257,0.1004460586817158,-0.012514120351752587,-0.006981718733382112,-0.08937505305634418,0.0701971173947024,7.632783294297951e-17,-2.50022712333503,-0.013209654321986456,0.017663754151997592,13.953038882009835,182.18605778789936,4.020720844088618,0.008457698542417486,0.02073826025796555,0.10807768990687304,-0.01346491078479917,-0.0072680936844694,-0.10347194631984881,0.08744374255250242,-3.469446951953614e-18,-2.507557829645319,-0.013248385241826154,0.017654369536425688,13.960455963979108,182.2792635888023,4.020778678457426,0.008472204278260771,0.02074242674755917,0.10809940361692866,-0.013467615997771042,-0.007268890068154535,-0.1035135272518546,0.08749645767537732,6.245004513516506e-17,-8.881784197001252e-16,5.783436880690829e-05
640.0,4.021219518945407,-2.556027844559043,0.0,0.0,0.02185904510011098,11.275105904961684,148.5341595178981,4.001034113910716,0.003519968374897485,0.01937021374145367,0.10094809922035645,-0.012576667312822665,-0.007053560910580799,-0.0902706985945546,0.07125494589398605,5.585809592645319e-16,-2.556027844559043,-0.013504470833417435,0.01810970756982439,13.60944385958823,177.86831539490043,4.021219518945408,0.008582773751042683,0.02085064169223477,0.10866336708775293,-0.013537877657018919,-0.007344859148002957,-0.10459642183152816,0.088873043148313,-4.336808689942018e-17,-2.5628743517569976,-0.013540643544509911,0.018100943957280066,13.61603290230394,177.95111574765988,4.021273500912388,0.008596313246146757,0.02085448826981781,0.10868341357256177,-0.01354037515793453,-0.007345598690375354,-0.10463501780086065,0.08892223877467297,-1.8041124150158794e-16,8.881784197001252e-16,5.3981966980920504e-05
650.0,4.021718193802195,-2.6119349739090096,0.0,0.0,0.022390059169556043,11.007699739364824,145.17383453644325,4.001103295039677,0.003537320050081867,0.01946569916100763,0.10144572261965855,-0.012638663962471682,-0.007124957892713421,-0.09116287052753762,0.07231390212889235,1.8839096949108125e-15,-2.6119349739090096,-0.013799849539597755,0.01855684352915777,13.281517845307347,173.7474755653572,4.021718193802195,0.008707848959667492,0.020961924922414967,0.10924332096496552,-0.01361013148870883,-0.007421166631482802,-0.10571589716238312,0.09030364058263878,2.42861286636753e-17,-2.618190873868677,-0.013832901847193678,0.018548837265901452,13.287250567352867,173.81951507521032,4.021767490211295,0.008720213245872882,0.020965399850517156,0.10926143059408604,-0.01361238768553043,-0.007421838612575909,-0.10575094982019957,0.09034855783358897,6.245004513516506e-17,0.0,4.929640910056321e-05
660.0,4.022216868658982,-2.6679464441432357,0.0,0.0,0.022922223514027923,10.752144020158203,141.96242665627375,4.001171871663737,0.003554520106279739,0.019560350228697263,0.10193899778429948,-0.012700118885221883,-0.007195914491282171,-0.09205157647087699,0.0733739087733765,7.015221736850208e-15,-2.6679464441432357,-0.014095779518500402,0.019005134163444525,12.968235128755104,169.81064884208848,4.022216868658982,0.008832924168292436,0.021072131283846496,0.10981766272789066,-0.013681686132451085,-0.007497021178956592,-0.10683041222429658,0.09173544368603254,2.0816681711721685e-17,-2.673507395980357,-0.014125160149877445,0.01899801876552513,12.973092169607217,169.87168421752523,4.022260663871981,0.008843908671176395,0.021075185668178304,0.10983358068815176,-0.013683669279157639,-0.007497615256509069,-0.10686138439140913,0.0917753403506008,-1.0408340855860843e-16,0.0,4.3795212998354316e-05
670.0,4.022715543515771,-2.724060236103839,0.0,0.0,0.023455509865548403,10.507682412271562,138.89043149058807,4.001239853262804,0.003571570921194947,0.019654180028910503,0.10242799290372256,-0.012761040576487742,-0.007266435527715533,-0.09293682616652621,0.07443489242880656,2.2787327580431338e-14,-2.724060236103839,-0.014392250102143497,0.019454552655128826,12.668656681761824,166.0460350490968,4.02271554351577,0.008957999376917401,0.02118128161560863,0.11038650097963794,-0.013752555118616104,-0.007572427836373903,-0.10794000809315592,0.09316836602205392,4.2327252813834093e-16,-2.7288239180920355,-0.014417418452561202,0.01944845885548144,12.672626161101748,166.0959169976283,4.022753038936784,0.008967403796534639,0.02118386924504098,0.11039998644119087,-0.013754235211305523,-0.007572934027847886,-0.10796638287140921,0.09320251617368852,-1.0408340855860843e-16,-8.881784197001252e-16,3.749542101338932e-05
680.0,4.0232142183725585,-2.7802743782872925,0.0,0.0,0.02398989104284987,10.273621003316011,135.9491290791335,4.001307249206186,0.0035884748447919776,0.01974720149338693,0.10291277537184229,-0.012821437432572394,-0.007336525821755248,-0.09381863125303429,0.07549678337457812,6.541989172603735e-14,-2.7802743782872925,-0.014689250874321309,0.0199050731684957,12.381921251873056,162.44281136884692,4.0232142183725585,0.009083074585542479,0.02128939626495648,0.11094994176016912,-0.013822751658243364,-0.007647391640186671,-0.10904472681576145,0.09460232559311348,-7.806255641895632e-17,-2.784140440203715,-0.014709676755244967,0.01990012896701258,12.384997549193486,162.48146926109538,4.023244631982829,0.009090702779741373,0.02129147346124075,0.11096076709330194,-0.013824100337558905,-0.007647800305882778,-0.10906600673827747,0.09463001920694863,1.5439038936193583e-16,0.0,3.041361027023015e-05
690.0,4.023712893229346,-2.8365869462846303,0.0,0.0,0.024525340880259327,10.049322033418319,133.13050509498012,4.001374068743372,0.0036052341969831235,0.019839427388490392,0.10339341172071574,-0.012881317742404046,-0.007406190181498791,-0.0946970050588809,0.07655951533860128,7.28583859910259e-17,-2.8365869462846303,-0.014986771667646658,0.0203566707885425,12.107237526472343,158.9910338737287,4.023712893229345,0.009208149794167503,0.021396495093095894,0.11150808857639471,-0.013892288646790889,-0.00772191760761833,-0.11014461123770651,0.09603724456818429,-9.194034422677078e-17,-2.8394569623153947,-0.015001935057928732,0.020353001504413337,12.109420246033103,159.0184627366764,4.023735459132811,0.009213809664612918,0.021398020569701,0.11151603861585974,-0.013893279106267068,-0.007722219434798275,-0.11016031745655634,0.09605778714037816,-1.214306433183765e-16,-8.881784197001252e-16,2.2565903464943915e-05
700.0,4.024211568086135,-2.892996062116399,0.0,0.0,0.025061834163197325,9.834198362345319,130.4271813163553,4.001440320996439,0.003621851265723427,0.019930870304725536,0.10386996756590756,-0.012940689680729258,-0.007475433394866975,-0.09557196241565608,0.077623025284816,1.0061396160665481e-16,-2.892996062116399,-0.01528480256003719,0.02080932146521288,11.84387722094156,155.681550669318,4.024211568086135,0.009333225002792727,0.021502597482050953,0.11206104243796365,-0.013961178668594197,-0.0077960107283679345,-0.11123970484995271,0.09747304903047527,3.469446951953614e-17,-2.8947734844270734,-0.015294193360612492,0.020807049790938267,11.845170313016833,155.69780014357437,4.024225536066158,0.009336728383786555,0.02150353221153227,0.11206591379176921,-0.013961785568542275,-0.007796196716318407,-0.11124937635979844,0.09748576120071477,-6.591949208711867e-17,0.0,1.3967980023288362e-05
710.0,4.0247102429429225,-2.9494998934812533,0.0,0.0,0.02559934656907654,9.627708575296493,127.83235412421966,4.0015060149539865,0.0036383283054894156,0.020021542648366388,0.10434250756286227,-0.01299956130267757,-0.00754426022234162,-0.09644351949056783,0.07868725321807533,-1.0408340855860843e-17,-2.9494998934812533,-0.01558333387074545,0.021263001962416435,11.59116896667378,152.50592508888138,4.024710242942922,0.009458300211417553,0.021607722342411952,0.11260890189764206,-0.01402943400189688,-0.007869675957571364,-0.11233005165205968,0.09890966874332167,1.0061396160665481e-16,-2.950090006538753,-0.015586451663296258,0.021262248018986917,11.591579980865461,152.5110900455418,4.024714878030419,0.009459462761579725,0.0216080294317663,0.11261050229746343,-0.014029633388475498,-0.007869737403535323,-0.1123332445483413,0.09891388592144586,5.0306980803327406e-17,-8.881784197001252e-16,4.635087496929202e-06
720.0,4.02520891779971,-3.0060966529381856,0.0,0.0,0.026137854613575182,9.429352643084941,125.3397399664926,4.00157115946626,0.0036546675360571604,0.020111456634732055,0.1048110953718607,-0.013057940539395576,-0.007612675390771644,-0.09731169363446213,0.07975214200261772,1.214306433183765e-16,-3.0060966529381856,-0.015882356156038252,0.021717689811322476,11.348492893410423,149.45636761301665,4.02520891779971,0.00958337542004267,0.021711888121787166,0.11315176309535982,-0.014097066624338182,-0.007942918209847273,-0.11341569603030931,0.10034703693276954,1.491862189340054e-16,-3.0054065286504326,-0.015878709965980023,0.02171857120413897,11.348032343772038,149.4505801755744,4.025203499852816,0.009582016516883786,0.0217115326952803,0.11314991078589337,-0.014096835853475728,-0.007942846695762869,-0.1134119828005349,0.10034210893027289,2.42861286636753e-16,0.0,-5.417946893793157e-06
730.0,4.025707592656498,-3.0627845970330934,0.0,0.0,0.026677335601361322,9.238668065206191,122.94352689042559,4.0016357632414055,0.0036708711415614813,0.020200624283009585,0.10527579363103902,-0.013115835194685484,-0.007680683588132004,-0.09817650324490397,0.08081763719431757,2.185751579730777e-16,-3.0627845970330934,-0.016181860204582038,0.022173363267488616,11.115275815936235,146.52567538387828,4.025707592656498,0.009708450628667492,0.021815112813803123,0.11368971980511558,-0.014164088218796635,-0.00801574235428863,-0.11449668264910991,0.1017850900854242,6.938893903907228e-17,-3.060723050762112,-0.016170968268663787,0.022175995142660228,11.113956640933834,146.5090981418929,4.025691415951824,0.009704393266070825,0.021814061902792916,0.1136842429698908,-0.014163405884655814,-0.00801552973427872,-0.11448565149587266,0.10177038075251449,-5.551115123125783e-17,0.0,-1.6176704673576126e-05
740.0,4.026206267513286,-3.119562025387169,0.0,0.0,0.0272177675809321,9.055226434432088,120.63833137201577,4.0016998348426585,0.0036869412697912553,0.020289057412376084,0.10573666393617931,-0.013173252942487307,-0.007748289459105091,-0.09903796764237406,0.08188368688499327,3.469446951953614e-18,-3.119562025387169,-0.016481837032626467,0.02263000127142498,10.890986948210879,143.70717834736647,4.026206267513286,0.009833525837292677,0.021917413967526892,0.11422286348408091,-0.014230510179507804,-0.008088153210274448,-0.11557305635431375,0.10322376776034059,-1.3877787807814457e-17,-3.116039572873791,-0.016463226571347547,0.022634496372146328,10.888824051255622,143.67999858262604,4.026178640348745,0.009826596525895476,0.021915636406832844,0.11421359970538912,-0.014229356047200546,-0.008087791598835395,-0.11555431054864694,0.10319865462906175,-7.632783294297951e-17,0.0,-2.7627164540966476e-05
750.0,4.026704942370074,-3.1764272797526782,0.0,0.0,0.02775912930312999,8.878630370344325,118.41915978165181,4.00176338268635,0.003702880031690233,0.02037676763925172,0.10619376682639332,-0.013230201325095309,-0.007815497601379565,-0.0998961069583123,0.08295024155779791,-3.8163916471489756e-17,-3.1764272797526782,-0.016782277879015747,0.023087583412256894,10.675134078963028,140.99469119422517,4.026704942370074,0.009958601045917576,0.022018808697197117,0.11475128332331407,-0.014296343618382404,-0.008160155543996607,-0.11664486208716496,0.10466301241377679,-2.0469737016526324e-16,-3.1713560949854704,-0.016755484874031314,0.023094052135006534,10.672143937507194,140.9571159685018,4.026665186679197,0.009948629716377293,0.022016275027600302,0.11473807907408565,-0.014294698560665177,-0.008159637304838683,-0.11661801935092762,0.10462688634765795,-2.463307335887066e-16,0.0,-3.975569087710795e-05
760.0,4.027203617226862,-3.2333787430502996,0.0,0.0,0.02830140018296813,8.708510776558938,116.28137391738042,4.001826415040629,0.0037186895010355857,0.020463766375530813,0.10664716177490403,-0.013286687752009467,-0.007882312562574292,-0.10075094203382269,0.08401725395274458,0.0,-3.2333787430502996,-0.01708317420010252,0.023546089894173606,10.467260152016639,138.38247038715463,4.027203617226863,0.01008367625454279,0.022119313692173303,0.11527506629961053,-0.014361599371466185,-0.008231754065607059,-0.11771214480780477,0.10610276923581752,1.3877787807814457e-16,-3.22667261709715,-0.017047743176715077,0.023554640344527294,10.46346048507374,138.33472236413903,4.027151068204479,0.010070496163651483,0.02211599606865465,0.11525777646519743,-0.01435944530916103,-0.00823107180110338,-0.11767683672378816,0.10605503408637133,2.0469737016526324e-16,8.881784197001252e-16,-5.254902238238657e-05
770.0,4.027702292083649,-3.2904148383904914,0.0,0.0,0.028844560264438306,8.544524382607518,114.22066011527455,4.001888940024795,0.0037343717142699086,0.020550064827657314,0.10709690718422728,-0.013342719499335194,-0.007948738837707409,-0.10160249432798375,0.08508467894151144,-1.734723475976807e-17,-3.2904148383904914,-0.017384517664577385,0.024005501505399526,10.266940202421868,135.865175659097,4.0277022920836485,0.010208751463167565,0.022218945227021766,0.11579429722806618,-0.014426288005488506,-0.008302953426905442,-0.11877494942731716,0.10754298599789582,5.898059818321144e-17,-3.2819891392088287,-0.017340001479398834,0.02401623955327949,10.262349687939793,135.80748955280464,4.027636297822778,0.010192199102778547,0.022214817332375528,0.11577278465603773,-0.014423607851394132,-0.008302099968108713,-0.11873082087583953,0.10748305826825688,1.1449174941446927e-16,-8.881784197001252e-16,-6.599426087117166e-05
780.0,4.028200966940438,-3.3475340280907995,0.0,0.0,0.029388590187992163,8.386351536719411,112.2330015127167,4.001950965609151,0.003749928670466588,0.020635673996434258,0.10754306038517894,-0.013398303709659665,-0.008014780867141424,-0.10245078583488487,0.08615247341083865,-6.544070840774907e-14,-3.3475340280907995,-0.017686300148276938,0.024465799589442946,10.073778606092828,133.43783545116503,4.028200966940438,0.010333826671792728,0.022317719171673675,0.11630905881501596,-0.01449041982445774,-0.008373758219496584,-0.11983332074746196,0.10898361291039405,1.8041124150158794e-16,-3.3373056613205083,-0.0176322597820826,0.024478828923663095,10.068416640913536,133.37045500950074,4.028120888080172,0.010313741680504904,0.022312756135154484,0.11628319389118699,-0.014487197430528771,-0.008372726616687311,-0.11978002936823152,0.10891092142628046,-1.3183898417423734e-16,0.0,-8.007886026550892e-05
790.0,4.028699641797226,-3.4047348126886763,0.0,0.0,0.02993347116059836,8.23369422018473,110.31465309614836,4.002012499615296,0.0037653623314011877,0.02072060467741659,0.10798567763892192,-0.013453447392306823,-0.008080443034933741,-0.10329583900806288,0.08722059615321066,4.32466562561018e-14,-3.4047348126886763,-0.01798851372896815,0.024926966018415184,9.887406606283598,131.09581582942295,4.028699641797226,0.010458901880417641,0.022415651001596842,0.11681943171104432,-0.014554004876265597,-0.008444172973355951,-0.12088730340728489,0.11042460248951957,-9.020562075079397e-17,-3.392622183432188,-0.017924518084766364,0.024942388200401445,9.881293102523289,131.01899127541864,4.028604851181421,0.010435126957968511,0.022409829322283952,0.11678909196008695,-0.014550224983854627,-0.00844295648708819,-0.12082451908538648,0.11033858807768425,-6.245004513516506e-17,0.0,-9.479061580464077e-05
800.0,4.029198316654013,-3.4620157299602803,0.0,0.0,0.030479184927617926,8.086274258002186,108.46211921540768,4.002073549716886,0.0037806746217420245,0.020804867461959888,0.10842481414243178,-0.013508157424018301,-0.008145729667573137,-0.10413767669319662,0.08828900776623026,1.797867410502363e-14,-3.4620157299602803,-0.01829115068116427,0.025388983168224823,9.707480085044995,128.8347924801863,4.029198316654014,0.010583977089042719,0.022512755807936102,0.11732549456383216,-0.01461705295927107,-0.008514202155749977,-0.12193694183592603,0.11186590943277804,1.0408340855860843e-17,-3.4479387055438666,-0.018216776387450125,0.025406897684819376,9.700635297647802,128.74877834497667,4.029088199000506,0.010556357913344713,0.022506053282517122,0.11729056427291985,-0.014612701152240165,-0.008512794248362307,-0.12186434621080373,0.11176602460702963,2.671474153004283e-16,8.881784197001252e-16,-0.00011011765350765756
