x_ba,temperature_K,T0_reference_K,curie_constant_reference_K,epsilon_r_reference_10kHz,chi_soft_reference_10kHz,p_fit_GPa,A1_u_zero,chi_soft_zero,epsilon_r_zero,A1_u_fit,chi_soft_fit,epsilon_r_fit,relative_error_fit
0.4,300.0,190.0,100000.0,909.0909090909091,71.8160619484746,-0.519687507731232,0.003716920023095437,61.56512115585355,780.2737879449802,0.0029117532824013363,78.58929289495613,994.2058394210428,0.09362642336314697
0.4,310.0,190.0,100000.0,833.3333333333334,65.78746561923614,-0.47345039180335946,0.00397237145235488,57.606050766685776,730.5226421463628,0.0032316538470359224,70.80975945439643,896.4453390001688,0.0757344068002026
0.4,320.0,190.0,100000.0,769.2307692307693,60.686345648342055,-0.42721327587548674,0.004225901746621437,54.15001229771557,687.0927818878007,0.0035516673769261874,64.42963466543232,816.2703263361857,0.06115142423704123
0.4,330.0,190.0,100000.0,714.2857142857143,56.31395710186142,-0.380976159947614,0.004477454001866949,51.107757098805024,648.8626755548298,0.00387144728691467,59.10777406731928,749.3938537023422,0.049151395183278934
0.4,340.0,190.0,100000.0,666.6666666666666,52.52455369491152,-0.3347390440197413,0.004726988197584688,48.409816564681364,614.9593549075298,0.0041907197308909926,54.604613585035956,692.8054701460335,0.03920820521905033
0.4,350.0,190.0,100000.0,625.0,49.20882571383037,-0.2885019280918686,0.00497447792986912,46.001336175293716,584.6934977170686,0.004509267351255289,50.747186565637136,644.3316126024251,0.030930580163880173
0.4,360.0,190.0,100000.0,588.2352941176471,46.2831833775823,-0.2422648121639961,0.005219907825715641,43.83844297425231,557.5137801535045,0.004826917170649218,47.40761514200805,602.3653203999788,0.02402104467996402
0.4,370.0,190.0,100000.0,555.5555555555555,43.68261241202845,-0.19602769623612337,0.005463271478351773,41.885641681040084,532.9741553667999,0.0051435314349625935,44.48940080214611,565.6939574731363,0.01824912345164531
0.4,380.0,190.0,100000.0,526.3157894736842,41.35578575863816,-0.14979058030825065,0.00570456978567884,40.11391571069326,510.70999019633655,0.005459000595713432,41.91841117001794,533.3859489101387,0.013433302929263702
0.4,390.0,190.0,100000.0,500.0,39.26164177058691,-0.10355346438037794,0.005943809603842518,38.49932060417181,490.4203896956572,0.005773237867542779,39.636792524172385,504.7142834058112,0.009428566811622519
0.4,400.0,190.0,100000.0,476.1904761904762,37.36694006711197,-0.05731634845250522,0.006181002649474679,37.021927432426665,471.8549195563842,0.006086174961790682,37.59875997405785,479.1036110569444,0.0061175832195832225
0.4,410.0,190.0,100000.0,454.54545454545456,35.64448397304384,-0.01107923252463272,0.006416164599840047,35.665018873454905,454.803503714549,0.006397758709474594,35.76762456039563,456.09288480378706,0.003404346568331551
0.4,420.0,190.0,100000.0,434.7826086956522,34.071806669764236,0.03515788340324,0.0066493143517041345,34.414470341568624,439.0886473916232,0.00670794836472936,34.1136542958051,435.3084814738127,0.0012095073897693265
0.4,430.0,190.0,100000.0,416.6666666666667,32.630185808424606,0.08139499933111272,0.0068804734083919555,33.25826843097549,424.55938567807976,0.00701671343440953,32.61250921639573,416.444536060033,-0.0005331134559208861
0.4,440.0,190.0,100000.0,400.0,31.303894615992146,0.1276321152589852,0.007109665371040187,32.186132483899016,411.0865280181398,0.007324031918521648,31.244078957356358,399.2483342650407,-0.0018791643373983202
0.4,450.0,190.0,100000.0,384.61538461538464,30.07962582297757,0.17386923118685793,0.00733691551502998,31.1892144702655,398.55888678669027,0.007629888874316618,29.991607390085907,383.5093123667729,-0.0028757878463905318
0.4,460.0,190.0,100000.0,370.3703703703704,28.946043607223327,0.22010634711473065,0.007562250436424455,30.25985894969699,386.8802608827257,0.007934275237476293,28.84102513454963,369.05066932139874,-0.003563192832223394
0.4,470.0,190.0,100000.0,357.14285714285717,27.893431549737247,0.26634346304260337,0.007785697756214738,29.391409570944187,375.967004129508,0.008237186849076955,27.780434721367417,355.7228971193148,-0.003975888065918642
0.4,480.0,190.0,100000.0,344.82758620689657,26.913413427250205,0.3125805789704761,0.008007285872512534,28.5780519381763,365.74605067412887,0.00853862364841599,26.79970929400777,343.39873792818764,-0.004143660008255834
0.4,490.0,190.0,100000.0,333.3333333333333,25.9987298462623,0.3588176948983488,0.008227043752666693,27.814685132106572,356.153300474357,0.008838589000402275,25.890176762158934,331.96921504715874,-0.004092354858523772
0.4,500.0,190.0,100000.0,322.5806451612903,25.143058109209097,0.4050548108262215,0.008445000758743795,27.096815984481648,347.1322907126881,0.009137089132776473,25.044368969502816,321.3404808561289,-0.0038445093460003354
0.4,510.0,190.0,100000.0,312.5,24.340865855721724,0.45129192675409424,0.008661186500981704,26.4204715511612,338.6330959006246,0.009434132663476364,24.25582082753609,311.4312926569107,-0.0034198634978857
0.4,520.0,190.0,100000.0,303.030303030303,23.587291314566915,0.49752904268196696,0.008875630714764847,25.782126240090115,330.61141214176695,0.009729730202375175,23.5189082111061,302.17097560845434,-0.002835780492100537
0.4,530.0,190.0,100000.0,294.11764705882354,22.878044687597686,0.5437661586098392,0.009088363157431164,25.17864081623784,323.0277906452757,0.010023894014677258,22.82871618688561,293.4977668370249,-0.002107592754115317
0.4,540.0,190.0,100000.0,285.7142857142857,22.209326439312413,0.590003274537712,0.009299413521838485,24.607211090366537,315.8469929299152,0.01031663773565912,22.180931172714924,285.3574602705282,-0.0012488890531513475
0.4,550.0,190.0,100000.0,277.77777777777777,21.57775920482076,0.6362403904655847,0.009508811364124686,24.065324548538168,309.03744581436644,0.010607976128347216,21.57175212121654,277.7022905388957,-0.00027175405997548197
0.4,560.0,190.0,100000.0,270.27027027027026,20.980330739761094,0.6824775063934574,0.009716586043509537,23.55072352818237,302.5707786740481,0.010897924877240213,20.997816935441936,270.4900082858309,0.0008130306575744317
0.4,570.0,190.0,100000.0,263.1578947368421,20.41434587812562,0.7287146223213301,0.009922766672330238,23.061373818915975,296.4214288673777,0.011186500412399972,20.45614116232749,263.68310976805526,0.001995817118610077
0.4,580.0,190.0,100000.0,256.4102564102564,19.8773858811894,0.7749517382492028,0.01012738207478412,22.595437780337367,290.5663039240125,0.011473719759214539,19.94406664540618,257.24819160625316,0.003267947264387283
0.4,590.0,190.0,100000.0,250.0,19.367273884099994,0.8211888541770755,0.010330460753089143,22.151251238243187,284.98449121414643,0.01175960040993079,19.45921830432632,251.1554076604864,0.00462163064194554
0.4,600.0,190.0,100000.0,243.90243902439025,18.882045399063728,0.8674259701049483,0.010532030859968062,21.727303555316627,279.65700750939243,0.012044160213701792,18.999467583315752,245.37800971004876,0.006049839811199886
0.5,300.0,230.0,100000.0,1428.5714285714287,113.15175232205974,-1.1150010333661817,0.003509240735005626,66.19824946702482,838.5363100526885,0.0018782020342626672,123.68509317845833,1560.9372935803049,0.0926561055062134
0.5,310.0,230.0,100000.0,1250.0,98.94148954599764,-1.0728143541060722,0.003778692541760026,61.477770696725045,779.217024347887,0.002183346803397856,106.39885209908934,1343.7119816477941,0.07496958531823528
0.5,320.0,230.0,100000.0,1111.111111111111,87.88906294239379,-1.0306276748459626,0.004046414241589709,57.41023527153325,728.102866707892,0.002491402968476264,93.24288224551066,1178.3891886763877,0.060550269808749
0.5,330.0,230.0,100000.0,1000.0,79.04712165951072,-0.9884409955858531,0.004312296315204384,53.870508108795796,683.621343307219,0.0028015405158393256,82.92066179387399,1048.6763409180035,0.04867634091800355
0.5,340.0,230.0,100000.0,909.0909090909091,71.81280606442458,-0.9462543163257435,0.0045762559388786254,50.763243297242816,644.5743020882874,0.0031131047511561627,74.62183645746998,944.3902260769167,0.038829248684608464
0.5,350.0,230.0,100000.0,833.3333333333334,65.78420973518611,-0.9040676370656342,0.00483823168456694,48.01456580857004,610.0334020662792,0.003425574214733918,67.81508122538001,858.8540171492458,0.03062482057909488
0.5,360.0,230.0,100000.0,769.2307692307693,60.683089764292035,-0.8618809578055247,0.0050981793790361735,45.56638288778024,579.2686281518903,0.0037385301794847087,62.138215411642676,787.5164174058368,0.023771342627587844
0.5,370.0,230.0,100000.0,714.2857142857143,56.31070121781139,-0.8196942785454151,0.005356068836329601,43.372406276791246,551.6983049389668,0.004051634153752572,57.33627094652402,727.173403587585,0.018042765022618923
0.5,380.0,230.0,100000.0,666.6666666666666,52.5212978108615,-0.7775075992853056,0.005611881256401906,41.39531522530686,526.8534460476809,0.004364611027125054,53.224810222955064,675.5072643688362,0.013260896553254353
0.5,390.0,230.0,100000.0,625.0,49.205569829780345,-0.735320920025196,0.00586560713758943,39.604697035883966,504.35187425058007,0.004677236265899114,49.66727794134459,630.8019952455721,0.009283192392915307
0.5,400.0,230.0,100000.0,588.2352941176471,46.27992749353227,-0.6931342407650867,0.006117244589449852,37.97552806967951,483.87913322784254,0.00498932606175683,46.56051553663122,591.7612674571862,0.005994154677216645
0.5,410.0,230.0,100000.0,555.5555555555555,43.67935652797842,-0.6509475615049771,0.006366797960457065,36.487037135236974,465.1742044895238,0.005300729665560002,43.82521054131249,557.388411142703,0.0032991400568653795
0.5,420.0,230.0,100000.0,526.3157894736842,41.352529874588136,-0.6087608822448676,0.006614276715402325,35.12184379507285,448.0186790167665,0.005611323359421615,41.39943088927472,526.9051650064252,0.0011198135122081343
0.5,430.0,230.0,100000.0,500.0,39.258385886536885,-0.566574202984758,0.006859694512368171,33.865297236909925,432.22844927269375,0.005921005671955003,39.23414475281952,499.6953769295953,-0.0006092461408094829
0.5,440.0,230.0,100000.0,476.1904761904762,37.36368418306194,-0.5243875237246485,0.007103068440340676,32.70496343473303,417.64726467817036,0.006229693547366897,37.290051565046326,475.2651814231864,-0.0019431190113086139
0.5,450.0,230.0,100000.0,454.54545454545456,35.64122808899381,-0.4822008444645389,0.007344418386962622,31.630223303743584,404.14168187803205,0.006537319253873453,35.535298888470784,453.2143089527994,-0.0029285203038413865
0.5,460.0,230.0,100000.0,434.7826086956522,34.068550785714216,-0.4400141652044296,0.007583766512349837,30.631954878548587,391.59707087441905,0.006843827870562536,33.94381010296411,433.21507104552614,-0.003605336595289943
0.5,470.0,230.0,100000.0,416.6666666666667,32.626929924374586,-0.39782748594432005,0.007821136809821818,29.702279766288907,379.91442886281794,0.007149175230772815,32.49404107704829,414.99673616064945,-0.004007833214441425
0.5,480.0,230.0,100000.0,400.0,31.30063873194212,-0.3556408066842103,0.008056554738212934,28.83435924712365,369.0078179551803,0.007453326228669567,31.168043164697885,398.3337549601878,-0.0041656125995305215
0.5,490.0,230.0,100000.0,384.61538461538464,30.07636993892754,-0.31345412742410117,0.008290046913408573,28.02222907086447,358.8022891732026,0.007756253416937953,29.950748270865365,383.0367761773213,-0.004104381938964674
0.5,500.0,230.0,100000.0,370.3703703703704,28.9427877231733,-0.2712674481639916,0.008521640849090554,27.260664668887106,349.2321886512522,0.008057935839446287,28.829417141612684,368.94571362571423,-0.00384657321057158
0.5,510.0,230.0,100000.0,357.14285714285717,27.89017566568722,-0.22908076890388207,0.00875136473852976,26.545070461178792,340.2397666277009,0.008358358054792372,27.793209155780612,355.9243400421898,-0.003411847881868657
0.5,520.0,230.0,100000.0,344.82758620689657,26.91015754320018,-0.18689408964377252,0.008979247270738896,25.87138839274127,331.77402807946686,0.008657509315857872,26.83284362053601,343.8560308010487,-0.002817510676958901
0.5,530.0,230.0,100000.0,333.3333333333333,25.995473962212273,-0.14470741038366297,0.009205317475481901,25.236021922599328,323.78977753972606,0.008955382877589192,25.940330725232503,332.64038298057005,-0.0020788510582897546
0.5,540.0,230.0,100000.0,322.5806451612903,25.139802225159073,-0.10252073112355342,0.009429604592590388,24.63577251142529,316.2468209778622,0.009251975410729195,25.10875605509622,322.1905074821241,-0.001209426805415359
0.5,550.0,230.0,100000.0,312.5,24.3376099716717,-0.06033405186344387,0.009652137961809146,24.06778628060615,309.109295497536,0.009547286503527812,24.332106670299346,312.4308434753525,-0.00022130087887195504
0.5,560.0,230.0,100000.0,303.030303030303,23.584035430516888,-0.018147372603334322,0.009872946930023527,23.529508996884115,302.3451036569943,0.009841318236847838,23.60512972194619,303.29538171425094,0.0008747596570282123
0.5,570.0,230.0,100000.0,294.11764705882354,22.874788803547663,0.024039306656775228,0.010092060773235646,23.01864790904027,295.9254338946938,0.010134074820766606,22.923216743941005,294.7262105058964,0.002069115720047643
0.5,580.0,230.0,100000.0,285.7142857142857,22.206070555262386,0.06622598591688478,0.010309508631080128,22.53313925315656,289.82435218837975,0.010425562282914505,22.282308360140178,286.67231822520523,0.0033531137882183426
0.5,590.0,230.0,100000.0,277.77777777777777,21.574503320770738,0.10841266517699388,0.01052531945201932,22.07112047047459,284.01845293440306,0.010715788200507368,21.678815339477207,279.08860126437526,0.004718964551750915
0.5,600.0,230.0,100000.0,270.27027027027026,20.97707485571107,0.15059934443710343,0.010739521947648014,21.630906361397546,278.486559290071,0.011004761469413512,21.109552829601537,271.9350375884173,0.006159639077143897
0.6,300.0,265.0,100000.0,2857.1428571428573,226.8305986465064,-1.7383939732902967,0.003386410218776264,69.6254870793732,881.6451627185796,0.0010381034375839724,227.12617297714303,2860.8571537257285,0.0013000038040049677
0.6,310.0,265.0,100000.0,2222.222222222222,176.3052198871745,-1.6969910746928139,0.0036672629392604005,64.29330670803098,814.639007989682,0.0013157742712516171,179.1952207034572,2258.539043555431,0.016342569599943957
0.6,320.0,265.0,100000.0,1818.1818181818182,144.15270613123607,-1.6555881760953313,0.00394666007497771,59.74177062467072,757.4427187015482,0.0016011352484912394,147.258303853495,1857.2079101388335,0.021464350576358315
0.6,330.0,265.0,100000.0,1538.4615384615386,121.89327353097099,-1.6141852774978487,0.004224434563753655,55.81349583584495,708.07856183012,0.0018925177619676396,124.58560002508221,1572.2943110013985,0.02199130215090883
0.6,340.0,265.0,100000.0,1333.3333333333333,105.56968962410991,-1.572782378900366,0.004500456339950369,52.390345138969685,665.0619815043835,0.0021886144276536787,107.73046999677985,1360.4865003125367,0.020364875234402557
0.6,350.0,265.0,100000.0,1176.4705882352941,93.08694898945147,-1.5313794803028835,0.004774624926363559,49.38198592961286,627.2578247384852,0.0024883882027943514,94.75228208689181,1197.3977811340883,0.01778811396397506
0.6,360.0,265.0,100000.0,1052.6315789473683,83.2321537515632,-1.4899765817054007,0.005046863678316865,46.71821470943657,593.7838883538861,0.0027910076128618943,84.47861619807452,1068.2950880071105,0.014880333606755114
0.6,370.0,265.0,100000.0,952.3809523809524,75.25446236851081,-1.4485736831079181,0.005317115265124634,44.343680581718104,563.9446124685318,0.003095799746189624,76.1614058606561,963.7779404295313,0.011966837451007795
0.6,380.0,265.0,100000.0,869.5652173913044,68.66419557381535,-1.4071707845104355,0.005585338089799151,42.21417882714827,537.1845041966791,0.0034022155716564,69.30203450279085,877.5805377650763,0.009217618429837815
0.6,390.0,265.0,100000.0,800.0,63.12837146627116,-1.365767885912953,0.005851503428276137,40.29399688864669,513.0547863104697,0.003709803960692274,63.55604323870146,805.374281993659,0.006717852492073684
0.6,400.0,265.0,100000.0,740.7407407407408,58.412669448733524,-1.3243649873154704,0.006115593126154576,38.553980958036774,491.1891012515364,0.004018191962237069,58.678247119283185,744.078088175766,0.004505419037283964
0.6,410.0,265.0,100000.0,689.6551724137931,54.34740908878729,-1.2829620887179876,0.006377597731536119,36.97010549394962,471.28553516282705,0.004327069639195515,54.48963862220165,691.4424814429855,0.002591598092328784
0.6,420.0,265.0,100000.0,645.1612903225806,50.80669845270507,-1.241559190120505,0.006637514971971761,35.522399863276306,453.09312966729163,0.004636178279345485,50.856642416725734,645.7889046844145,0.0009728022608426201
0.6,430.0,265.0,100000.0,606.060606060606,47.6951648634207,-1.2001562915230224,0.006895348505110339,34.19413257475246,436.40163064477105,0.00494530113463835,47.677675133145705,605.8408236280252,-0.0003626410137583802
0.6,440.0,265.0,100000.0,571.4285714285714,44.939235112911696,-1.1587533929255398,0.007151106888658635,32.97118398646821,421.03360544208385,0.005254256077360176,44.87418531974636,570.6111316192683,-0.0014305196662803832
0.6,450.0,265.0,100000.0,540.5405405405405,42.481243713809064,-1.1173504943280572,0.00740480272727058,31.841558731136256,406.8383158282424,0.00556288972523356,42.3845290089702,539.325187715677,-0.002248402725997578
0.6,460.0,265.0,100000.0,512.8205128205128,40.27535399666568,-1.0759475957305744,0.007656451963070428,30.795002968752417,393.6869082495338,0.005871072703595078,40.159690202522434,511.3670387166459,-0.002834274502540479
0.6,470.0,265.0,100000.0,487.8048780487805,38.28467303241433,-1.0345446971330918,0.0079060732834584,29.822701166479103,381.468603453158,0.00617869579591837,38.16023133694655,486.2410975836532,-0.0032057499535109724
0.6,480.0,265.0,100000.0,465.1162790697674,36.4791716927445,-0.9931417985356092,0.008153687625195902,28.91703383439333,370.0876521048503,0.006485666794389664,36.3540817633158,463.5443526564423,-0.0033796417886490238
0.6,490.0,265.0,100000.0,444.44444444444446,34.83415936104532,-0.9517388999381264,0.008399317757920046,28.07138242990479,359.46088314549394,0.0067919079066093065,34.71490841379381,442.9458928451685,-0.003371741098370906
0.6,500.0,265.0,100000.0,425.531914893617,33.32914807885246,-0.9103360013406441,0.008642987933487492,27.279971087235506,349.51571490510406,0.007097353607416337,33.22089809453579,424.17160547169516,-0.003196727141516309
0.6,510.0,265.0,100000.0,408.16326530612247,31.946994860512078,-0.8689331027431613,0.008884723590106768,26.537737335510148,340.188530498437,0.007401948849504471,31.853835486670324,406.99259008822537,-0.0028681542838479013
0.6,520.0,265.0,100000.0,392.15686274509807,30.673245816159174,-0.8275302041456789,0.009124551102249322,25.840225813929752,331.42334221047213,0.0077056475651554835,30.598396687521817,391.2162808544792,-0.0023984838210782122
0.6,530.0,265.0,100000.0,377.35849056603774,29.49562877515366,-0.7861273055481961,0.009362497568948793,25.183500363710873,323.17068681113983,0.008008411405644959,29.441601959493177,376.67956957733446,-0.0017991406200636995
0.6,540.0,265.0,100000.0,363.6363636363636,28.403656609857634,-0.7447244069507133,0.009598590634398985,24.56407090514778,315.38670666538417,0.008310208675819598,28.37238752125682,363.2434246802326,-0.0010805821293603524
0.6,550.0,265.0,100000.0,350.87719298245617,27.388314070196422,-0.7033215083532309,0.009832858335760253,23.978832286780236,308.0323812891421,0.008611013429822099,27.38126735655727,350.7886413672533,-0.00025237210332806903
0.6,560.0,265.0,100000.0,338.9830508474576,26.44180831288512,-0.6619186097557481,0.010065328974287907,23.425012886828657,301.07288145592855,0.008910804700508866,26.46006380539341,339.21245613206446,0.0006767455895901886
0.6,570.0,265.0,100000.0,327.8688524590164,25.55736850687292,-0.6205157111582653,0.010296031005531588,22.900131206499864,294.4770237322293,0.009209565840657161,25.601691221096658,328.4258281125862,0.001698775743387948
0.6,580.0,265.0,100000.0,317.46031746031747,24.729083609178954,-0.579112812560783,0.01052499294668893,22.401959044261265,288.21680771178245,0.009507283957113997,24.799980940554228,318.3512396019482,0.0028064047461366926
0.6,590.0,265.0,100000.0,307.6923076923077,23.95177008980462,-0.5377099139633001,0.010752243297898539,21.928490120656587,282.26702174338436,0.009803949424076445,24.049538684260927,308.9209040846907,0.003992938275244828
0.6,600.0,265.0,100000.0,298.5074626865672,23.220863347706363,-0.4963070153658178,0.010977810475703186,21.477913237317125,276.60490563707776,0.01009955546254904,23.34562761768875,300.0752967425958,0.005252244087695868
