temperature_K,lattice_matched_pressure_GPa,lattice_matched_pressure_mass_shift_u,lattice_matched_A1_u,lattice_matched_chi_T_SCHA,lattice_matched_lattice_parameter_angstrom,lattice_matched_isotropic_strain,lattice_matched_mean_u_component_variance_bohr2,lattice_matched_delta_A1_quartic_local,lattice_matched_delta_A1_quartic_homogeneous,lattice_matched_delta_A1_quartic_inhomogeneous,lattice_matched_delta_A1_sextic,lattice_matched_delta_A1_octic,lattice_matched_residual,linear_pressure_GPa,linear_pressure_mass_shift_u,linear_A1_u,linear_chi_T_SCHA,linear_lattice_parameter_angstrom,linear_isotropic_strain,linear_mean_u_component_variance_bohr2,linear_delta_A1_quartic_local,linear_delta_A1_quartic_homogeneous,linear_delta_A1_quartic_inhomogeneous,linear_delta_A1_sextic,linear_delta_A1_octic,linear_residual,zero_pressure_pressure_GPa,zero_pressure_pressure_mass_shift_u,zero_pressure_A1_u,zero_pressure_chi_T_SCHA,zero_pressure_lattice_parameter_angstrom,zero_pressure_isotropic_strain,zero_pressure_mean_u_component_variance_bohr2,zero_pressure_delta_A1_quartic_local,zero_pressure_delta_A1_quartic_homogeneous,zero_pressure_delta_A1_quartic_inhomogeneous,zero_pressure_delta_A1_sextic,zero_pressure_delta_A1_octic,zero_pressure_residual
400.0,-1.6931951908836935,-0.006286554926721922,0.0040465838054026294,61.70447966002566,4.009250230638908,0.005843066824280068,0.020812568292487857,0.06704122964652406,-0.008289525198457938,-0.0038603277009112706,-0.01660544408316116,0.0032957132120291642,5.074066167232161e-16,-5.655351482701281,-0.020997388793293586,0.00022098569752618976,1129.9027534732825,4.042682340504762,0.01423053430158905,0.028157136638346666,0.09069947721162805,-0.011214824158162417,-0.0047854891406626885,-0.03039317840888213,0.008160896130896154,-9.837616832264473e-14,0.0,0.0,0.006638065288181153,37.61522932858531,3.9954084423133347,0.0023704307904079775,0.018547781915060083,0.05974592320016595,-0.0073874739243925385,-0.0036163936118763697,-0.013188126503536757,0.0023326432717193763,3.1051550219984847e-16
405.0,-1.7174938329285359,-0.006376771783397455,0.004145236660415676,60.23596927467517,4.00949966720441,0.005905645617218895,0.020944785568878816,0.06746712656924855,-0.00834218657253304,-0.0038962530435778394,-0.016817095080487007,0.0033589237150617266,-4.458239333260394e-16,-5.623614162391403,-0.020879553349140875,0.0003036700282877929,822.248904578816,4.04243262233342,0.014167884859210915,0.028133791534084115,0.09062427820331766,-0.011205525938580601,-0.004784834798065376,-0.030342801284872874,0.008140614339528712,-3.122502256758253e-17,0.0,0.0,0.006786758799525272,36.79110389638741,3.995460419102835,0.002383470758069746,0.01864981504648439,0.06007459126742413,-0.007428113128652815,-0.0036489400049272485,-0.013333623906894491,0.002371351716473981,5.35162192338845e-16
410.0,-1.7417924749733784,-0.0064669886400729884,0.00424339577220901,58.84257833039032,4.009749120431167,0.005968228590142989,0.021077035552174966,0.06789312884711765,-0.00839486097357872,-0.003932190339446704,-0.017030139242710154,0.003422953264799451,-7.077671781985373e-16,-5.5918768420815255,-0.020761717904988167,0.0003900948354786807,640.0811428499464,4.042185317324857,0.014105840832536607,0.0281151835934156,0.09056433849736328,-0.011198114503773744,-0.0047876997453649905,-0.030302676559844866,0.008124472195985196,7.840950111415168e-16,0.0,0.0,0.006934982163005512,36.004757077103,3.9955123614641197,0.002396502088360063,0.018751780593534308,0.060403041632594814,-0.007468725414448891,-0.0036814645398392594,-0.013479822342982893,0.002410459971580364,1.942890293094024e-16
415.0,-1.766091117018221,-0.0065572054967485225,0.004341056515463495,57.518796915823174,4.0099985867166765,0.006030814839255029,0.021209311170482182,0.06831921370021918,-0.008447545584900573,-0.003968136938251735,-0.017244566064911693,0.003487804043955725,-6.678685382510707e-17,-5.560139521771648,-0.020643882460835455,0.00048003883933470467,520.1503037943958,4.041940165097704,0.014044336896934212,0.02810080167421823,0.09051801160804726,-0.011192386268799885,-0.004793524906556211,-0.030271682689365198,0.008112010700743098,-8.673617379884035e-17,0.0,0.0,0.0070827304320281075,35.25368507376011,3.9955642666107023,0.002409524082204159,0.0188536730861972,0.060731256675729844,-0.007509308603106466,-0.0037139655589260726,-0.013626712319693639,0.002449967381923078,1.8041124150158794e-16
420.0,-1.790389759063063,-0.006647422353424055,0.004438214978682488,56.2596335040937,4.010248062704178,0.006093403522408124,0.021341605834299116,0.06874535990251954,-0.008500237781938449,-0.004004090409007818,-0.017460365544799666,0.00355347830923246,-7.025630077706069e-16,-5.528402201461769,-0.02052604701668274,0.0005732964720505908,435.53791151015764,4.04169694521022,0.01398331774785007,0.028090213037934835,0.0904839036024065,-0.011188168876402418,-0.004801854512269914,-0.03024887369971446,0.008102844118611138,1.304512053934559e-15,0.0,0.0,0.0072299992976364285,34.53559783811917,3.995616131963122,0.002422536092465036,0.01895548746085512,0.06105922008595551,-0.0075498606778158965,-0.0037464415522946615,-0.013774284765781845,0.002489873351472415,-2.7755575615628914e-16
425.0,-1.8146884011079056,-0.006737639210099588,0.004534867906405498,55.06055595585607,4.010497545262862,0.006155993854143583,0.021473913397689528,0.06917154765679255,-0.008552935116801596,-0.004040048520341322,-0.017677528143129752,0.003619978383884337,-3.139849491518021e-16,-5.496664881151891,-0.02040821157253003,0.0006696769708766494,372.8549121021628,4.041455469827931,0.01392273626126002,0.028083048955755946,0.09046082673501504,-0.011185315464035856,-0.004812315254507371,-0.03023344642028353,0.00809664609111732,-1.0755285551056204e-16,0.0,0.0,0.007376785038034846,33.84839694062348,3.995667955133179,0.0024355375199897255,0.019057219029348163,0.061386916761819614,-0.007590379771310286,-0.0037788911452686577,-0.013922531001830387,0.002530177338524658,-1.2750217548429532e-15
430.0,-1.8389870431527482,-0.006827856066775122,0.0046310126464525845,53.91744034737702,4.010747031469884,0.006218585101175998,0.02160622812295464,0.0695977584808222,-0.008605635304197886,-0.004076009222815399,-0.017896044747602122,0.0036873066509194798,2.5673907444456745e-16,-5.464927560842012,-0.020290376128377315,0.0007690033191099987,324.69606035255566,4.041215577775401,0.01386255200137519,0.028078993031946026,0.09044776183520314,-0.011183700013114433,-0.004824599672157783,-0.030224714056479654,0.008093138497934018,8.396061623727746e-16,0.0,0.0,0.007523084472428822,33.19015611590531,3.995719733909535,0.0024485278099968233,0.0191588634507082,0.061714332720240565,-0.007630864154607222,-0.003811313086995543,-0.014071442713671967,0.0025708788513604986,1.3105835861004778e-15
435.0,-1.8632856851975907,-0.006918072923450657,0.004726647101723729,52.8265264445059,4.010996518593956,0.006281176578278627,0.02173854464843775,0.07002397510369547,-0.00865833620861056,-0.004111970633014394,-0.018115906639862095,0.003755465546864796,-1.214306433183765e-17,-5.433190240532134,-0.020172540684224607,0.000871111165268538,286.63660628902966,4.040977129762059,0.01380273002289509,0.028077771831897705,0.09044382811824261,-0.011183213616220466,-0.004838453030191606,-0.03022208507191615,0.008092082593477877,-3.0531133177191805e-16,0.0,0.0,0.007668894918767169,32.55910411577209,3.9957714662445527,0.0024615064487733384,0.01926041670531291,0.0620414550132525,-0.00767131222671445,-0.0038437062401109386,-0.014221011928044515,0.0026119774442843317,-9.419548474554063e-16
440.0,-1.8875843272424333,-0.00700828978012619,0.004821769686102911,51.78437884179909,4.011246004080386,0.0063437676445287135,0.02187085795914515,0.07045018137116647,-0.00871103583259672,-0.004147931019188755,-0.0183371054652906,0.003824457556037266,2.5500435096859064e-16,-5.4014529202222565,-0.020054705240071895,0.0009758477845480981,255.8722293238437,4.040740004565328,0.013743239913428339,0.028079147389412983,0.09044825904987865,-0.011183761492797952,-0.004853662993946199,-0.03022504636349076,0.008093271968876962,-1.880440247958859e-15,0.0,0.0,0.007814214155021067,31.953609558117186,3.995823150242219,0.0024744729606465455,0.019361875071191584,0.06236827165168191,-0.007711722505192633,-0.0038760695713490416,-0.014371230990213257,0.0026534727139931255,-2.203098814490545e-16
445.0,-1.9118829692872754,-0.0070985066368017226,0.004916379284068067,50.78785294743317,4.011495485537401,0.006406357699876859,0.02200316335990266,0.07087636215918876,-0.008763732306095732,-0.004183888788287807,-0.018559633205305633,0.003894285205269009,1.214306433183765e-17,-5.369715599912379,-0.019936869795919188,0.0010830711106498796,230.5410472662611,4.040504095978043,0.013684055027657696,0.028082911214315606,0.09046038304371253,-0.011185260602419329,-0.004870051501858417,-0.03023314984363687,0.00809652695467032,-3.5041414214731503e-16,0.0,0.0,0.007959040383645631,31.372167507294943,3.9958747841470905,0.0024874269052099136,0.019463235102318996,0.06269477153522796,-0.007752093617509915,-0.003908402143001101,-0.014522092543432376,0.0026953642962592554,6.29704621779581e-16
450.0,-1.936181611332118,-0.007188723493477257,0.005010475213671523,49.834065126546925,4.011744960723638,0.006468946182008253,0.022135456450795923,0.07130250329480366,-0.008816423876647233,-0.0042198424742246774,-0.018783482151922423,0.003964951059038433,-1.6046192152785466e-16,-5.3379782796025,-0.01981903435176647,0.0011926488471428768,209.359484739554,4.0402693103595215,0.013625151872954412,0.028088879485100925,0.09047960797581552,-0.011187637730045814,-0.00488746835276579,-0.030246001702006402,0.00810169015180986,7.945033519973776e-16,0.0,0.0,0.008103372198950689,30.813387560476194,3.995926366334135,0.002500367874774095,0.019564493608670307,0.06302094438821568,-0.007792424293097916,-0.003940703105135319,-0.014673589510014526,0.0027376518628810416,5.48172618408671e-16
455.0,-1.9604802533769605,-0.00727894035015279,0.005104057192557822,48.920366424798274,4.011994427536677,0.0065315325634670235,0.022267733104669462,0.0717285914836607,-0.008869108900429147,-0.00425579072724007,-0.019008644884347194,0.004036457714964679,4.605690828718423e-16,-5.306240959292622,-0.019701198907613755,0.00130445765813169,191.41468222945446,4.040035564661407,0.01356650961409744,0.02809688917353889,0.09050540870133963,-0.011190827942479244,-0.0049057861261020555,-0.030263253767276427,0.008108622844161122,1.2351231148954867e-15,0.0,0.0,0.008247208557097013,30.27598324746944,3.995977895299389,0.0025132954920243354,0.019665647637891113,0.06334678070055157,-0.007832713356051,-0.003972971688502371,-0.014825715073884811,0.0027803351188825914,-1.43982048506075e-16
460.0,-1.984778895421803,-0.007369157206828324,0.005197125306760251,48.044319383306785,4.012243884002539,0.006594116349019994,0.02239998944649894,0.0721546142435716,-0.008921785834041759,-0.004291732304249397,-0.019235114247428627,0.004108807799635214,3.634245682171411e-16,-5.274503638982743,-0.019583363463461043,0.0014183824336338722,176.04021467845462,4.039802784826756,0.013508109671636483,0.02810679490200717,0.09053731693139205,-0.011194773336656116,-0.004924896138438273,-0.03028459651572704,0.008117202100418323,4.7878367936959876e-15,0.0,0.0,0.00839054874848899,29.758762578910176,3.9960293696513736,0.002526209407865005,0.019766694458431672,0.06367227167339588,-0.007872959718408757,-0.004005207198058345,-0.014978462664478968,0.002823413799938406,-4.128641872824801e-16
465.0,-2.009077537466646,-0.00745937406350386,0.005289679981999156,47.203677531109975,4.012493328266031,0.006656697073234855,0.022532221834441268,0.07258055984346902,-0.008974453226960095,-0.0043276660600702855,-0.019462883331760182,0.004182003964723779,-4.0072112295064244e-16,-5.2427663186728655,-0.019465528019308332,0.0015343156234377115,162.73858148795193,4.039570904483292,0.013449935394056346,0.02811846637829324,0.09057491297004577,-0.011199422017944115,-0.00494470520765054,-0.030309753374805584,0.008127318416993483,5.852957007945747e-15,0.0,0.0,0.008533392372341785,29.26061960098686,3.9960807881031712,0.002539109299433688,0.019867631544007863,0.06399740916910837,-0.007913162373966878,-0.004037409007044244,-0.015131825941857005,0.0028668876699997387,6.245004513516506e-16
470.0,-2.033376179511488,-0.007549590920179392,0.005381721957281418,46.396367202736,4.012742758581874,0.006719274298255364,0.022664426842426352,0.07300641724733144,-0.009027109714600322,-0.004363590939438142,-0.019691945455313876,0.0042560488833814,-8.699638232023688e-16,-5.211028998362988,-0.01934769257515562,0.0016521566328645643,151.13115981027227,4.039339863869455,0.013391971788340833,0.02813178628735216,0.09061781892329195,-0.011204727260441503,-0.0049651330488176175,-0.030338476049529235,0.008138873787408686,6.723788192886104e-15,0.0,0.0,0.008675739313234785,28.780526834428013,3.9961321494651303,0.002551994868270222,0.01996845655927456,0.06432218566509942,-0.007953320392570944,-0.004069576551570865,-0.015285798782930482,0.002910756519106168,3.0184188481996443e-16
475.0,-2.0576748215563305,-0.007639807776854924,0.0054732522605792965,45.620471380690205,4.012992173306546,0.006781847611753927,0.022796601244136707,0.07343217606257839,-0.009079754011938891,-0.004399505969728597,-0.01992229414644438,0.004330945246867641,-1.1214987272190058e-15,-5.17929167805311,-0.019229857131002913,0.0017718112741596827,140.92491212501028,4.039109608945627,0.013334205296999463,0.028146648546619593,0.09066569307907187,-0.011210646812078381,-0.004986110166517943,-0.030370540661346004,0.008151780109921658,1.0217521273503394e-14,0.0,0.0,0.008817589719482688,28.317528492095093,3.996183452638129,0.002564865838625945,0.02006916734659608,0.06464659421121534,-0.00799343291484719,-0.004101709325657108,-0.015440375268692673,0.002955020161361816,1.321859288694327e-15
480.0,-2.081973463601173,-0.007730024633530459,0.005564272186407301,44.87421530582517,4.0132415708907665,0.0068444166250455196,0.022928741998249572,0.07385782649253245,-0.009132384907634605,-0.004435410254320836,-0.020153923128140468,0.004406695761399686,3.5735303605122226e-16,-5.147554357743231,-0.019112021686850195,0.0018931912677624548,131.88965761930905,4.038880090653591,0.013276623612276738,0.028162956852265195,0.09071822522448358,-0.011217142315597865,-0.005007576139192338,-0.030405744536239038,0.00816595786504524,1.1886325257393082e-14,0.0,0.0,0.008958943983155365,27.870734383709525,3.99623469660735,0.002577721955902755,0.020169761913832383,0.06497062839039523,-0.008033499147337789,-0.004133806876683764,-0.015595549672386544,0.0029996784330678975,-8.517492267046123e-16
485.0,-2.1062721056460156,-0.007820241490205992,0.005654783275143121,44.15595363497572,4.013490949872562,0.00690698097135001,0.023060846234840265,0.07428335929262189,-0.009185001258613105,-0.00447130296653358,-0.020386826303433025,0.004483303145205357,3.885780586188048e-16,-5.115817037433353,-0.018994186242697483,0.002016213788321046,123.8421984609981,4.038651264295326,0.013219215520307791,0.028180623459765505,0.090775132717776,-0.011224178822865347,-0.005029478214834928,-0.030443903515026377,0.00818133500985561,1.239286451237831e-14,0.0,0.0,0.009099802721620054,27.439314428192638,3.996285880436519,0.002590562985207837,0.020270238423030346,0.06529428228224349,-0.00807351835799668,-0.004165868801220932,-0.01575131644849481,0.0030447311909874712,3.3480163086352377e-16
490.0,-2.130570747690858,-0.007910458346881526,0.005744787293931599,43.46415895620952,4.0137403088708785,0.006969540304187339,0.023192911242824948,0.07470876572993156,-0.009237601985065437,-0.004507183344080002,-0.0206209977418253,0.00456077012575071,4.163336342344337e-16,-5.084079717123474,-0.01887635079854477,0.002140801050900218,116.63500819380617,4.03842308900862,0.01316197076955599,0.02819956815447497,0.09083615717236287,-0.011231724384852903,-0.005051770155270237,-0.030484849686547175,0.008197846047637559,1.3690437672408962e-14,0.0,0.0,0.009240166760460657,27.022493704497563,3.9963370032625836,0.0026033887100181735,0.02037059517997399,0.06561755042936919,-0.008113489872027466,-0.004197894741197342,-0.015907670222530108,0.0030901783107446183,5.811323644522304e-16
495.0,-2.1548693897357003,-0.008000675203557059,0.005834286219043802,42.79741149791903,4.013989646579673,0.007032094295896724,0.023324934458373973,0.07513403754587987,-0.009290186065833119,-0.0045430506839913955,-0.020856431666694496,0.004639099437138475,3.469446951953614e-16,-5.0523423968135965,-0.018758515354392057,0.0022668799333434237,110.1480252396007,4.038195527321638,0.013104879959065762,0.02821971737724369,0.09090106164027155,-0.011239749703377912,-0.0050744112800192665,-0.03052842946552169,0.008215431240263091,1.8523377276480346e-14,0.0,0.0,0.009380037117678585,26.619547980514902,3.9963880642907754,0.0026161989309413905,0.02047083062448856,0.06594042780615349,-0.008153413068021592,-0.004229884380377624,-0.01606460578150799,0.0031360196853317834,-6.591949208711867e-16
500.0,-2.179168031780543,-0.008090892060232592,0.005923282219561418,42.1543898901957,4.014238961762455,0.007094642636267122,0.023456913454195732,0.07555916692170023,-0.009342752534139988,-0.00457890433796674,-0.021093122443553918,0.004718293817652876,3.7470027081099033e-16,-5.020605076503719,-0.01864067991023935,0.002394381631250137,104.28260259526309,4.0379685447724025,0.013047934442995587,0.028241003477421988,0.09096962820592923,-0.011248227833579103,-0.00509736567128621,-0.03057450195325521,0.008234035937557727,2.186792413816363e-14,0.0,0.0,0.009519414989054344,26.2297996673281,3.996439062790028,0.0026289934645676804,0.020570943321457234,0.06626290978981297,-0.008193287374380359,-0.004261837441124608,-0.016222118065079477,0.003182255223725635,-1.0026701691145945e-15
505.0,-2.2034666738253854,-0.008181108916908125,0.006011777642289013,41.533862855576984,4.0144882532472455,0.00715718503127099,0.02358884592962877,0.07598414644652578,-0.009395300473645939,-0.004614743708104509,-0.021331064569124203,0.004798356007444815,1.3877787807814457e-17,-4.988867756193841,-0.018522844466086635,0.002523241342401029,98.95698200452645,4.037742109581901,0.012991126248607852,0.02826336407116004,0.09104165591912436,-0.01125713392833104,-0.00512060150970991,-0.030622937531855774,0.008253610003135821,2.3023249973164184e-14,0.0,0.0,0.009658301734582991,25.852614152547655,3.9964899980887405,0.0026417721424049855,0.020670931952489296,0.06658499213356109,-0.008233112265996392,-0.004293753681417236,-0.016380202157265995,0.0032288848496012114,-8.673617379884035e-16
510.0,-2.227765315870228,-0.00827132577358366,0.006099774997774853,40.93468172254575,4.014737519921891,0.007219721201891221,0.02372072970146297,0.07640896908782266,-0.009447829014791045,-0.004650568242986739,-0.021570252661126582,0.004879288746338343,6.973588373426765e-16,-4.957130435883962,-0.01840500902193392,0.0026533979778317605,94.10286364848041,4.037516192371828,0.012934448005456211,0.028286741487323994,0.09111695901019724,-0.01126644501755571,-0.005144090516795372,-0.030673616652524077,0.008274107320314132,2.8282931552325863e-14,0.0,0.0,0.009796698865894005,25.48739647212479,3.996540869570827,0.0026545348098894824,0.02077079530817754,0.06690667094166784,-0.008272887261169816,-0.004325632892103649,-0.01653885327873368,0.003275908500131942,1.8561541192951836e-16
515.0,-2.25206395791507,-0.008361542630259192,0.006187276947370105,40.35577366860671,4.014986760729745,0.007282250883035734,0.02385256269544667,0.0768336281640329,-0.009500337331412907,-0.004686377434078302,-0.021810681448771154,0.004961094771758809,-1.231653667943533e-15,-4.925393115574083,-0.01828717357778121,0.002784793897057489,89.66277482038778,4.037290765919688,0.012877892883944805,0.028311082286743533,0.09119536534144539,-0.01127613981674163,-0.005167807484807051,-0.030726428786075885,0.008295485364885289,3.140890325603607e-14,0.0,0.0,0.009934608034577932,25.13358828491152,3.996591676672057,0.0026672813254666064,0.0208705322809076,0.06722794264629732,-0.008312611918744255,-0.00435747489437034,-0.016698066779580124,0.003323326124873075,1.0720591081536668e-15
520.0,-2.2763625999599126,-0.008451759486934727,0.006274286291225231,39.796135611831694,4.015235974665648,0.007344773822529228,0.023984342938397362,0.07725811731916137,-0.009552824637604375,-0.004722170812416288,-0.022052345763836984,0.005043776816756391,-1.3374717999781183e-15,-4.8936557952642055,-0.0181693381336285,0.002917374665210607,85.58802922730884,4.037065804945318,0.01282145454177098,0.028336336843145325,0.09127671505723058,-0.011286198560032051,-0.005191729878724873,-0.03078127150976527,0.008317704833995972,3.357036870710317e-14,0.0,0.0,0.010072031021347454,24.790665118468976,3.9966424188766454,0.0026800115597360556,0.02097014185816791,0.06754880398595774,-0.008352285835442232,-0.004389279537406021,-0.01685783813258198,0.003371137684718309,4.579669976578771e-16
525.0,-2.300661242004755,-0.008541976343610262,0.006360805957160111,39.254828679687485,4.015485160772207,0.007407289780180155,0.024116068550901194,0.07768243049925967,-0.009605290184805819,-0.00475794794556231,-0.02229524053235968,0.005127337608138146,-8.187894806610529e-16,-4.861918474954328,-0.018051502689475786,0.003051088830083478,81.8371283232105,4.0368412859240115,0.012765127077043205,0.028362458976317118,0.09136085940233092,-0.011296602854116376,-0.0052158374978380235,-0.030838049709369608,0.008340729322410702,4.0464159800635e-14,0.0,0.0,0.010208969725974688,24.458133858283794,3.996693095714084,0.0026927253946563644,0.021069623116325792,0.06786925198545309,-0.008391908643386204,-0.004421046696245325,-0.0170181629268753,0.003419343150926023,1.2212453270876722e-15
530.0,-2.3249598840495977,-0.008632193200285795,0.006446838990331322,38.73097319283654,4.015734318136334,0.007469798526912891,0.02424773774052251,0.0781065619305526,-0.009657733259100519,-0.004793708434794386,-0.022539360766821656,0.005211779864680326,-4.2500725161431774e-16,-4.83018115464445,-0.017933667245323075,0.0031858877172700564,78.37449724280106,4.03661718692229,0.012708904987077186,0.02838940562970196,0.0914476596834106,-0.01130733554981777,-0.005240112186927454,-0.030896674879196184,0.00836452503898198,4.077641002631083e-14,0.0,0.0,0.0103454261579238,24.135530455824735,3.99674370675619,0.002705422722804399,0.02116897521483324,0.06818928393721879,-0.008431480007790782,-0.004452776269780035,-0.01717903686203581,0.003467942504209566,8.864436962241484e-16
535.0,-2.3492585260944403,-0.008722410056961328,0.006532388543640046,38.22374410906054,4.01598344588604,0.007532299843962443,0.024379348795502676,0.0785305060991409,-0.00971015317870494,-0.004829451912518919,-0.02278470155884249,0.0052971062954266755,-1.0373646386341306e-15,-4.798443834334572,-0.017815831801170363,0.0033217252417911598,75.16947668387384,4.036393487452984,0.012652783132039455,0.02841713658592228,0.09153698635266916,-0.011318380628788085,-0.005264537588847004,-0.030957064505576743,0.008389060557357811,4.520689378395559e-14,0.0,0.0,0.010481402427658167,23.82241783353069,3.9967942516143484,0.002718103446685046,0.0212681973908255,0.0685088973839228,-0.008470999624811354,-0.004484468178916593,-0.017340455742522486,0.0035169357338847105,-8.847089727481716e-17
540.0,-2.3735571681392824,-0.008812626913636861,0.006617457868818823,37.73236687906929,4.016232543187451,0.007594793522125495,0.024510900078899774,0.07895425773212428,-0.009762549291634611,-0.004865178039882476,-0.023031258072313248,0.0053833195980595785,9.853229343548264e-16,-4.766706514024693,-0.017697996357017652,0.0034585577347144825,72.1955124839542,4.036170168346945,0.0125967567027629,0.02844561421494762,0.0916287181966418,-0.011329723103204521,-0.005289098931815138,-0.0310191415221166,0.008414306596076329,4.908226602928778e-14,0.0,0.0,0.010616900738540613,23.518383967426846,3.996844729936959,0.002730767478087759,0.02136728895408627,0.06882809010224755,-0.008510467219538779,-0.004516122364877776,-0.017502415472463926,0.0035663228370717247,6.314393452555578e-16
545.0,-2.397855810184125,-0.008902843770312394,0.00670205030814519,37.256113671602506,4.016481609242033,0.007657279361065406,0.024642390023150506,0.07937781178008403,-0.009814920973538172,-0.004900886504567525,-0.023279025536970754,0.005470422457348557,2.671474153004283e-16,-4.734969193714814,-0.017580160912864937,0.0035963437834691256,69.42949927667819,4.035947211639068,0.01254082119215158,0.02847480325034754,0.09172274161546767,-0.011341348926652449,-0.005313782845918493,-0.03108283382659706,0.008440235823878683,5.452235884995105e-14,0.0,0.0,0.010751923379295958,23.2230401300912,3.9968951414070317,0.002743414737486558,0.021466249282352908,0.069146860087767,-0.008549882544129453,-0.004547738787626897,-0.017664912050763603,0.0036161038179483296,-6.088879400678593e-16
550.0,-2.4221544522289675,-0.008993060626987927,0.006786169286738213,36.79429993015558,4.0167306432840055,0.007719757168663354,0.0247738171249931,0.0798011634007289,-0.009867267625675172,-0.004936577018754874,-0.023527999242325476,0.005558417543651474,1.0581813203458523e-16,-4.7032318734049365,-0.017462325468712226,0.003735044084628465,66.8512452478572,4.035724600466729,0.012484972369699723,0.02850467058991175,0.09181894998064946,-0.011353244914713553,-0.005338577204300392,-0.031148073851295196,0.008466822686842587,5.6604027021123215e-14,0.0,0.0,0.010886472716998668,22.936019278601965,3.996945485739962,0.0027560451534791373,0.021565077816927642,0.0694652055408097,-0.008589245376057295,-0.004579317424412629,-0.01782794156648738,0.0036662786870455323,-4.440892098500626e-16
555.0,-2.44645309427381,-0.009083277483663462,0.0068698183053874816,36.3462812280262,4.01697964457795,0.007782226760416643,0.02490517994075923,0.08022430794372937,-0.009919588673040903,-0.004972249317241434,-0.023778174531984372,0.005647307511487574,-4.735795089416683e-16,-4.671494553095059,-0.017344490024559515,0.0038746213080942684,64.44303281753925,4.035502318978982,0.012429206258713629,0.028535185117419634,0.09191724306093932,-0.011365398673977707,-0.005363470985274527,-0.031214798179603726,0.008494043254404685,6.455252998804895e-14,0.0,0.0,0.011020551190536288,22.656974573783103,3.9969957626814394,0.0027686586622643495,0.021663774058589075,0.06978312485328883,-0.008628555516485316,-0.004610858268419379,-0.017991500194540228,0.003716847460591485,-2.8622937353617317e-16
560.0,-2.4707517363186526,-0.009173494340338996,0.006953000933880341,35.911450392069355,4.017228612416565,0.007844687958876922,0.025036477081978408,0.08064724093655871,-0.009971883562615618,-0.005007903155698629,-0.02402954679828598,0.005737094998158338,1.3340023530261647e-15,-4.639757232785181,-0.0172266545804068,0.00401503997168303,62.189255866458886,4.0352803522552065,0.012373519115898521,0.0285663175429145,0.09201752650783172,-0.011377798538425092,-0.005388454152246897,-0.03128294720310403,0.00852187508186433,6.861525236878663e-14,0.0,0.0,0.011154161304515641,22.385578018489884,3.997045972005501,0.0027812552071525107,0.0217623375637605,0.0701006165963597,-0.008667812788739496,-0.0046423613275182515,-0.01815558419157696,0.0037678101598891517,3.139849491518021e-16
565.0,-2.4950503783634947,-0.009263711197014529,0.007035720804782942,35.489234868915325,4.017477546118585,0.007907140593128218,0.02516770721129363,0.08106995807133639,-0.010024151761737784,-0.005043538309061627,-0.024282111477268012,0.005827782622427277,4.85722573273506e-17,-4.608019912475303,-0.017108819136254092,0.004156266325227385,60.0761184617772,4.035058686231951,0.012317907413007236,0.0285980402591111,0.09211971139302515,-0.011390433512234172,-0.005413517548841633,-0.031352464813859074,0.008550297087217903,7.211939379025978e-14,0.0,0.0,0.011287305623586933,22.121519203952182,3.9970961135127117,0.00279383473810868,0.02186076794093621,0.07041767950890822,-0.008707017036885376,-0.004673826623109772,-0.01832018989216271,0.0038191668107351753,2.1163626406917047e-16
